prodcode,bb,ace,arb,arnie,mra,sglti,loop
"34925",1,,,,,,
"63493",1,,,,,,
"18185",1,,,,,,
"64703",1,,,,,,
"22151",1,,,,,,
"58455",1,,,,,,
"59969",1,,,,,,
"80265",1,,,,,,
"52548",1,,,,,,
"5713",1,,,,,,
"46740",1,,,,,,
"37118",1,,,,,,
"67124",1,,,,,,
"32114",1,,,,,,
"83469",1,,,,,,
"29762",1,,,,,,
"33909",1,,,,,,
"11793",1,,,,,,
"55929",1,,,,,,
"51447",1,,,,,,
"20093",1,,,,,,
"43251",1,,,,,,
"39646",1,,,,,,
"24461",1,,,,,,
"57023",1,,,,,,
"58763",1,,,,,,
"64784",1,,,,,,
"27719",1,,,,,,
"33839",1,,,,,,
"7553",1,,,,,,
"13499",1,,,,,,
"62407",1,,,,,,
"53664",1,,,,,,
"57626",1,,,,,,
"55298",1,,,,,,
"50403",1,,,,,,
"84982",1,,,,,,
"63535",1,,,,,,
"69115",1,,,,,,
"76531",1,,,,,,
"3474",1,,,,,,
"24520",1,,,,,,
"53334",1,,,,,,
"39846",1,,,,,,
"63850",1,,,,,,
"52635",1,,,,,,
"21905",1,,,,,,
"71032",1,,,,,,
"8068",1,,,,,,
"87638",1,,,,,,
"34963",1,,,,,,
"17462",1,,,,,,
"76299",1,,,,,,
"56459",1,,,,,,
"82509",1,,,,,,
"56768",1,,,,,,
"8147",1,,,,,,
"17149",1,,,,,,
"76180",1,,,,,,
"73809",1,,,,,,
"58511",1,,,,,,
"599",1,,,,,,
"472",1,,,,,,
"50300",1,,,,,,
"60896",1,,,,,,
"40761",1,,,,,,
"55791",1,,,,,,
"41892",1,,,,,,
"75010",1,,,,,,
"67595",1,,,,,,
"57176",1,,,,,,
"34821",1,,,,,,
"58109",1,,,,,,
"34509",1,,,,,,
"60502",1,,,,,,
"822",1,,,,,,
"14030",1,,,,,,
"66670",1,,,,,,
"60761",1,,,,,,
"84716",1,,,,,,
"77282",1,,,,,,
"24083",1,,,,,,
"33659",1,,,,,,
"78294",1,,,,,,
"751",1,,,,,,
"53885",1,,,,,,
"40167",1,,,,,,
"72540",1,,,,,,
"1290",1,,,,,,
"34584",1,,,,,,
"14058",1,,,,,,
"55979",1,,,,,,
"80447",1,,,,,,
"47041",1,,,,,,
"34890",1,,,,,,
"65821",1,,,,,,
"65027",1,,,,,,
"82861",1,,,,,,
"74742",1,,,,,,
"45289",1,,,,,,
"47536",1,,,,,,
"739",1,,,,,,
"61340",1,,,,,,
"84859",1,,,,,,
"34094",1,,,,,,
"68677",1,,,,,,
"38991",1,,,,,,
"81732",1,,,,,,
"32552",1,,,,,,
"18287",1,,,,,,
"32836",1,,,,,,
"44000",1,,,,,,
"19178",1,,,,,,
"3344",1,,,,,,
"84020",1,,,,,,
"20082",1,,,,,,
"57578",1,,,,,,
"5968",1,,,,,,
"28493",1,,,,,,
"51528",1,,,,,,
"61115",1,,,,,,
"68881",1,,,,,,
"69156",1,,,,,,
"52686",1,,,,,,
"81887",1,,,,,,
"59148",1,,,,,,
"83454",1,,,,,,
"73638",1,,,,,,
"10429",1,,,,,,
"65227",1,,,,,,
"7528",1,,,,,,
"21966",1,,,,,,
"75463",1,,,,,,
"62361",1,,,,,,
"34407",1,,,,,,
"7066",1,,,,,,
"15488",1,,,,,,
"17615",1,,,,,,
"50224",1,,,,,,
"29427",1,,,,,,
"58974",1,,,,,,
"52611",1,,,,,,
"30400",1,,,,,,
"8071",1,,,,,,
"73641",1,,,,,,
"753",1,,,,,,
"41591",1,,,,,,
"56486",1,,,,,,
"66559",1,,,,,,
"58973",1,,,,,,
"19853",1,,,,,,
"57240",1,,,,,,
"71098",1,,,,,,
"58982",1,,,,,,
"46614",1,,,,,,
"58498",1,,,,,,
"3588",1,,,,,,
"594",1,,,,,,
"61651",1,,,,,,
"29998",1,,,,,,
"10627",1,,,,,,
"74854",1,,,,,,
"59961",1,,,,,,
"19858",1,,,,,,
"70116",1,,,,,,
"80159",1,,,,,,
"54487",1,,,,,,
"76322",1,,,,,,
"72285",1,,,,,,
"37837",1,,,,,,
"32630",1,,,,,,
"76484",1,,,,,,
"10892",1,,,,,,
"34854",1,,,,,,
"50514",1,,,,,,
"76483",1,,,,,,
"57934",1,,,,,,
"14502",1,,,,,,
"44808",1,,,,,,
"63724",1,,,,,,
"65805",1,,,,,,
"61564",1,,,,,,
"19200",1,,,,,,
"64538",1,,,,,,
"4771",1,,,,,,
"74076",1,,,,,,
"34125",1,,,,,,
"64850",1,,,,,,
"86805",1,,,,,,
"88926",1,,,,,,
"54479",1,,,,,,
"59495",1,,,,,,
"56240",1,,,,,,
"53916",1,,,,,,
"34430",1,,,,,,
"77219",1,,,,,,
"59037",1,,,,,,
"78098",1,,,,,,
"34092",1,,,,,,
"7091",1,,,,,,
"86523",1,,,,,,
"47300",1,,,,,,
"71472",1,,,,,,
"43564",1,,,,,,
"17876",1,,,,,,
"45938",,1,,,,,
"13026",,1,,,,,
"41573",,1,,,,,
"82348",,1,,,,,
"69599",,1,,,,,
"14276",,1,,,,,
"7419",,1,,,,,
"33095",,1,,,,,
"34657",,1,,,,,
"63594",,1,,,,,
"55798",,1,,,,,
"77271",,1,,,,,
"75847",,1,,,,,
"39355",,1,,,,,
"37710",,1,,,,,
"14960",,1,,,,,
"49491",,1,,,,,
"709",,1,,,,,
"31716",,1,,,,,
"88368",,1,,,,,
"34357",,1,,,,,
"65389",,1,,,,,
"87108",,1,,,,,
"61270",,1,,,,,
"43649",,1,,,,,
"15748",,1,,,,,
"63442",,1,,,,,
"33353",,1,,,,,
"37965",,1,,,,,
"56079",,1,,,,,
"31307",,1,,,,,
"53719",,1,,,,,
"57882",,1,,,,,
"70916",,1,,,,,
"15085",,1,,,,,
"52010",,1,,,,,
"756",,1,,,,,
"37655",,1,,,,,
"62039",,1,,,,,
"39512",,1,,,,,
"50780",,1,,,,,
"59770",,1,,,,,
"75021",,1,,,,,
"74237",,1,,,,,
"65",,1,,,,,
"71068",,1,,,,,
"65536",,1,,,,,
"30039",,1,,,,,
"63559",,1,,,,,
"39227",,1,,,,,
"22882",,1,,,,,
"79206",,1,,,,,
"6794",,1,,,,,
"5189",,1,,,,,
"78",,1,,,,,
"60232",,1,,,,,
"63149",,1,,,,,
"74008",,1,,,,,
"14228",,1,,,,,
"11983",,1,,,,,
"80522",,1,,,,,
"34471",,1,,,,,
"79828",,1,,,,,
"79485",,1,,,,,
"56279",,1,,,,,
"65985",,1,,,,,
"11133",,1,,,,,
"80520",,1,,,,,
"34539",,1,,,,,
"28127",,1,,,,,
"36742",,1,,,,,
"42285",,1,,,,,
"43432",,1,,,,,
"86076",,1,,,,,
"29627",,1,,,,,
"29530",,1,,,,,
"65416",,1,,,,,
"65983",,1,,,,,
"77410",,1,,,,,
"60757",,1,,,,,
"74618",,1,,,,,
"57346",,1,,,,,
"8025",,1,,,,,
"11937",,1,,,,,
"56509",,1,,,,,
"74209",,1,,,,,
"80208",,1,,,,,
"57701",,1,,,,,
"34696",,1,,,,,
"62958",,1,,,,,
"1144",,1,,,,,
"41522",,1,,,,,
"41633",,1,,,,,
"82505",,1,,,,,
"55002",,1,,,,,
"28724",,1,,,,,
"57048",,1,,,,,
"53551",,1,,,,,
"11561",,1,,,,,
"69600",,1,,,,,
"34943",,1,,,,,
"18263",,1,,,,,
"17655",,1,,,,,
"33078",,1,,,,,
"12858",,1,,,,,
"34490",,1,,,,,
"11641",,1,,,,,
"3839",,1,,,,,
"56505",,1,,,,,
"15031",,1,,,,,
"57235",,1,,,,,
"84039",,1,,,,,
"56244",,1,,,,,
"46957",,1,,,,,
"31587",,1,,,,,
"59788",,1,,,,,
"34798",,1,,,,,
"73617",,1,,,,,
"71491",,1,,,,,
"21053",,1,,,,,
"53271",,1,,,,,
"18223",,1,,,,,
"69016",,1,,,,,
"82499",,1,,,,,
"11987",,1,,,,,
"6359",,1,,,,,
"76567",,1,,,,,
"53915",,1,,,,,
"54986",,1,,,,,
"19198",,1,,,,,
"78262",,1,,,,,
"6765",,1,,,,,
"67741",,1,,,,,
"82036",,1,,,,,
"28486",,1,,,,,
"65749",,1,,,,,
"6807",,1,,,,,
"77597",,1,,,,,
"87078",,1,,,,,
"66558",,1,,,,,
"6408",,1,,,,,
"11197",,1,,,,,
"67307",,1,,,,,
"73389",,1,,,,,
"48049",,1,,,,,
"34429",,1,,,,,
"79380",,1,,,,,
"35007",,1,,,,,
"44657",,1,,,,,
"38034",,1,,,,,
"12411",,1,,,,,
"79334",,1,,,,,
"60097",,1,,,,,
"15096",,1,,,,,
"41746",,1,,,,,
"654",,1,,,,,
"15605",,1,,,,,
"34505",,1,,,,,
"97",,1,,,,,
"45300",,1,,,,,
"81825",,1,,,,,
"24041",,1,,,,,
"32934",,1,,,,,
"40384",,1,,,,,
"52197",,1,,,,,
"76619",,1,,,,,
"64055",,1,,,,,
"57801",,1,,,,,
"70072",,1,,,,,
"61985",,1,,,,,
"32048",,1,,,,,
"54544",,1,,,,,
"82515",,1,,,,,
"52499",,1,,,,,
"54620",,1,,,,,
"77378",,1,,,,,
"78785",,1,,,,,
"39242",,1,,,,,
"54283",,1,,,,,
"82033",,1,,,,,
"80853",,1,,,,,
"85392",,1,,,,,
"62860",,1,,,,,
"34431",,1,,,,,
"58294",,1,,,,,
"78252",,1,,,,,
"34412",,1,,,,,
"39137",,1,,,,,
"51433",,1,,,,,
"70994",,1,,,,,
"53621",,1,,,,,
"28725",,1,,,,,
"74155",,1,,,,,
"61262",,1,,,,,
"74627",,1,,,,,
"56162",,1,,,,,
"56472",,1,,,,,
"66329",,1,,,,,
"70709",,1,,,,,
"35302",,1,,,,,
"34952",,1,,,,,
"78245",,1,,,,,
"13755",,1,,,,,
"73484",,1,,,,,
"68480",,1,,,,,
"72842",,1,,,,,
"56356",,1,,,,,
"34651",,1,,,,,
"8830",,1,,,,,
"54512",,1,,,,,
"46951",,1,,,,,
"64877",,1,,,,,
"593",,1,,,,,
"12313",,1,,,,,
"83451",,1,,,,,
"66622",,1,,,,,
"46974",,1,,,,,
"74632",,1,,,,,
"6078",,1,,,,,
"45340",,1,,,,,
"34768",,1,,,,,
"2982",,1,,,,,
"61292",,1,,,,,
"69269",,1,,,,,
"67269",,1,,,,,
"33336",,1,,,,,
"28438",,1,,,,,
"10902",,1,,,,,
"66623",,1,,,,,
"5159",,1,,,,,
"34732",,1,,,,,
"74874",,1,,,,,
"58451",,1,,,,,
"19208",,1,,,,,
"41694",,1,,,,,
"42902",,1,,,,,
"64602",,1,,,,,
"61133",,1,,,,,
"56148",,1,,,,,
"38026",,1,,,,,
"38308",,1,,,,,
"77486",,1,,,,,
"9646",,1,,,,,
"20579",,1,,,,,
"50334",,1,,,,,
"77116",,1,,,,,
"71025",,1,,,,,
"56763",,1,,,,,
"18325",,1,,,,,
"14477",,1,,,,,
"65273",,1,,,,,
"56157",,1,,,,,
"12815",,1,,,,,
"20188",,1,,,,,
"77364",,1,,,,,
"147",,1,,,,,
"77457",,1,,,,,
"55639",,1,,,,,
"56129",,1,,,,,
"61693",,1,,,,,
"51701",,1,,,,,
"47998",,1,,,,,
"43563",,1,,,,,
"50509",,1,,,,,
"5800",,1,,,,,
"82606",,1,,,,,
"8106",,1,,,,,
"34799",,1,,,,,
"37978",,1,,,,,
"71040",,1,,,,,
"59109",,1,,,,,
"67194",,1,,,,,
"34712",,1,,,,,
"56038",,1,,,,,
"48053",,1,,,,,
"68496",,1,,,,,
"79005",,1,,,,,
"60143",,1,,,,,
"56510",,1,,,,,
"3310",,1,,,,,
"46365",,1,,,,,
"19204",,1,,,,,
"56855",,1,,,,,
"37971",,1,,,,,
"60730",,1,,,,,
"55299",,1,,,,,
"77401",,1,,,,,
"19690",,1,,,,,
"62918",,1,,,,,
"43566",,1,,,,,
"5915",,1,,,,,
"69288",,1,,,,,
"34936",,1,,,,,
"29130",,1,,,,,
"45217",,1,,,,,
"64902",,1,,,,,
"71668",,1,,,,,
"14387",,1,,,,,
"65443",,1,,,,,
"21231",,1,,,,,
"9915",,1,,,,,
"196",,1,,,,,
"55896",,1,,,,,
"68094",,1,,,,,
"68381",,1,,,,,
"5612",,1,,,,,
"77831",,1,,,,,
"45264",,1,,,,,
"73459",,1,,,,,
"42901",,1,,,,,
"65102",,1,,,,,
"77129",,1,,,,,
"23642",,1,,,,,
"9948",,1,,,,,
"34877",,1,,,,,
"61067",,1,,,,,
"73672",,1,,,,,
"53058",,1,,,,,
"82557",,1,,,,,
"76920",,1,,,,,
"34710",,1,,,,,
"761",,1,,,,,
"33057",,1,,,,,
"4103",,1,,,,,
"76784",,1,,,,,
"60823",,1,,,,,
"64062",,1,,,,,
"32166",,1,,,,,
"52399",,1,,,,,
"77690",,1,,,,,
"78887",,1,,,,,
"80451",,1,,,,,
"59790",,1,,,,,
"67795",,1,,,,,
"76548",,1,,,,,
"32241",,1,,,,,
"77361",,1,,,,,
"49164",,1,,,,,
"1021",,1,,,,,
"79006",,1,,,,,
"46851",,1,,,,,
"60349",,1,,,,,
"6314",,1,,,,,
"17006",,1,,,,,
"1299",,1,,,,,
"56508",,1,,,,,
"85546",,1,,,,,
"36753",,1,,,,,
"81049",,1,,,,,
"44527",,1,,,,,
"45228",,1,,,,,
"61339",,1,,,,,
"75024",,1,,,,,
"16947",,1,,,,,
"60065",,1,,,,,
"60684",,1,,,,,
"72017",,1,,,,,
"77345",,1,,,,,
"45319",,1,,,,,
"9764",,1,,,,,
"43413",,1,,,,,
"79361",,1,,,,,
"55456",,1,,,,,
"38854",,1,,,,,
"58258",,1,,,,,
"57073",,1,,,,,
"448",,1,,,,,
"50347",,1,,,,,
"42081",,1,,,,,
"54345",,1,,,,,
"34400",,1,,,,,
"67767",,1,,,,,
"43418",,1,,,,,
"8026",,1,,,,,
"46890",,1,,,,,
"37087",,1,,,,,
"77665",,1,,,,,
"88430",,1,,,,,
"52882",,1,,,,,
"60067",,1,,,,,
"34589",,1,,,,,
"55399",,1,,,,,
"87080",,1,,,,,
"47021",,1,,,,,
"48098",,1,,,,,
"16197",,1,,,,,
"34719",,1,,,,,
"4571",,1,,,,,
"20849",,1,,,,,
"48180",,1,,,,,
"64739",,1,,,,,
"34453",,1,,,,,
"54288",,1,,,,,
"76100",,1,,,,,
"55588",,1,,,,,
"54733",,1,,,,,
"32514",,1,,,,,
"81877",,1,,,,,
"68021",,1,,,,,
"17120",,1,,,,,
"41417",,1,,,,,
"67075",,1,,,,,
"54037",,1,,,,,
"45554",,1,,,,,
"28586",,1,,,,,
"76433",,1,,,,,
"45324",,1,,,,,
"14478",,1,,,,,
"63010",,1,,,,,
"34382",,1,,,,,
"66597",,1,,,,,
"79531",,1,,,,,
"82455",,1,,,,,
"69",,1,,,,,
"32857",,1,,,,,
"1121",,1,,,,,
"54941",,1,,,,,
"3720",,1,,,,,
"79406",,1,,,,,
"59996",,1,,,,,
"2927",,1,,,,,
"30921",,1,,,,,
"8800",,1,,,,,
"62036",,1,,,,,
"58195",,1,,,,,
"55885",,1,,,,,
"81175",,1,,,,,
"69074",,1,,,,,
"56516",,1,,,,,
"34540",,1,,,,,
"17474",,1,,,,,
"34953",,1,,,,,
"34652",,1,,,,,
"54942",,1,,,,,
"82",,1,,,,,
"59603",,1,,,,,
"85631",,1,,,,,
"77315",,1,,,,,
"63030",,1,,,,,
"28902",,1,,,,,
"6786",,1,,,,,
"54928",,1,,,,,
"79849",,1,,,,,
"38510",,1,,,,,
"59557",,1,,,,,
"71115",,1,,,,,
"56850",,1,,,,,
"12412",,1,,,,,
"77046",,1,,,,,
"65570",,1,,,,,
"57658",,1,,,,,
"78169",,1,,,,,
"19223",,1,,,,,
"34528",,1,,,,,
"51807",,1,,,,,
"40355",,1,,,,,
"80051",,1,,,,,
"33646",,1,,,,,
"23252",,1,,,,,
"85046",,1,,,,,
"20975",,1,,,,,
"68247",,1,,,,,
"41532",,1,,,,,
"43507",,1,,,,,
"70917",,1,,,,,
"84294",,1,,,,,
"11351",,1,,,,,
"37930",,1,,,,,
"35794",,1,,,,,
"21943",,1,,,,,
"55903",,1,,,,,
"82363",,1,,,,,
"63824",,1,,,,,
"33811",,1,,,,,
"37908",,1,,,,,
"51714",,1,,,,,
"6806",,1,,,,,
"66772",,1,,,,,
"56506",,1,,,,,
"38899",,1,,,,,
"59972",,1,,,,,
"43813",,1,,,,,
"43416",,1,,,,,
"38995",,1,,,,,
"8105",,1,,,,,
"59567",,1,,,,,
"46975",,1,,,,,
"78808",,1,,,,,
"217",,1,,,,,
"37964",,1,,,,,
"48008",,1,,,,,
"2613",,1,,,,,
"74417",,1,,,,,
"72341",,1,,,,,
"39147",,1,,,,,
"58874",,1,,,,,
"86648",,1,,,,,
"33894",,1,,,,,
"1807",,1,,,,,
"47159",,1,,,,,
"71004",,1,,,,,
"277",,1,,,,,
"32597",,1,,,,,
"74066",,1,,,,,
"45337",,1,,,,,
"60309",,1,,,,,
"16212",,1,,,,,
"59111",,1,,,,,
"18219",,1,,,,,
"9693",,1,,,,,
"22708",,1,,,,,
"66162",,1,,,,,
"16924",,1,,,,,
"61499",,1,,,,,
"42908",,1,,,,,
"46979",,1,,,,,
"13589",,1,,,,,
"16710",,1,,,,,
"6288",,1,,,,,
"9731",,1,,,,,
"68759",,1,,,,,
"16196",,1,,,,,
"34432",,1,,,,,
"54298",,1,,,,,
"77415",,1,,,,,
"84153",,1,,,,,
"74040",,1,,,,,
"61694",,1,,,,,
"68372",,1,,,,,
"6261",,1,,,,,
"3203",,1,,,,,
"32616",,1,,,,,
"58751",,1,,,,,
"34562",,1,,,,,
"57588",,1,,,,,
"10882",,1,,,,,
"11567",,1,,,,,
"42894",,1,,,,,
"72336",,1,,,,,
"77407",,1,,,,,
"82813",,1,,,,,
"81936",,1,,,,,
"8923",,1,,,,,
"37080",,1,,,,,
"56704",,1,,,,,
"87812",,1,,,,,
"89130",,1,,,,,
"54201",,1,,,,,
"81590",,1,,,,,
"15121",,1,,,,,
"8268",,1,,,,,
"58863",,1,,,,,
"73716",,1,,,,,
"78524",,1,,,,,
"59915",,1,,,,,
"43412",,1,,,,,
"35731",,1,,,,,
"5275",,1,,,,,
"56169",,1,,,,,
"73659",,1,,,,,
"42723",,1,,,,,
"41538",,1,,,,,
"34544",,1,,,,,
"80",,1,,,,,
"37778",,1,,,,,
"67789",,1,,,,,
"81449",,1,,,,,
"79078",,1,,,,,
"17624",,1,,,,,
"12574",,1,,,,,
"16708",,1,,,,,
"80498",,1,,,,,
"33977",,1,,,,,
"52088",,1,,,,,
"57333",,1,,,,,
"34937",,1,,,,,
"41617",,1,,,,,
"58682",,1,,,,,
"57378",,1,,,,,
"56013",,1,,,,,
"34567",,1,,,,,
"6468",,1,,,,,
"67719",,1,,,,,
"54899",,1,,,,,
"50607",,1,,,,,
"84750",,1,,,,,
"51258",,1,,,,,
"57539",,1,,,,,
"56473",,1,,,,,
"3929",,1,,,,,
"22439",,1,,,,,
"66895",,1,,,,,
"5735",,1,,,,,
"34583",,1,,,,,
"75410",,1,,,,,
"5861",,1,,,,,
"17633",,1,,,,,
"53820",,1,,,,,
"77400",,1,,,,,
"34390",,1,,,,,
"26995",,1,,,,,
"1904",,1,,,,,
"25998",,1,,,,,
"71737",,1,,,,,
"52407",,1,,,,,
"15958",,1,,,,,
"58461",,1,,,,,
"7314",,1,,,,,
"59699",,1,,,,,
"48214",,1,,,,,
"43012",,1,,,,,
"45816",,1,,,,,
"79484",,1,,,,,
"72941",,1,,,,,
"70667",,1,,,,,
"633",,1,,,,,
"53612",,1,,,,,
"72295",,1,,,,,
"6362",,1,,,,,
"18392",,1,,,,,
"15108",,1,,,,,
"50863",,1,,,,,
"65599",,1,,,,,
"58843",,1,,,,,
"15135",,1,,,,,
"3069",,1,,,,,
"34893",,1,,,,,
"18269",,1,,,,,
"77615",,1,,,,,
"61117",,1,,,,,
"38285",,1,,,,,
"60744",,1,,,,,
"3509",,1,,,,,
"58871",,1,,,,,
"50402",,1,,,,,
"69192",,1,,,,,
"11965",,1,,,,,
"28820",,1,,,,,
"71562",,1,,,,,
"68192",,1,,,,,
"57944",,1,,,,,
"58965",,1,,,,,
"23478",,1,,,,,
"66060",,1,,,,,
"5047",,1,,,,,
"41743",,1,,,,,
"1520",,1,,,,,
"71277",,1,,,,,
"24482",,1,,,,,
"16701",,1,,,,,
"81148",,1,,,,,
"65936",,1,,,,,
"62564",,1,,,,,
"72038",,1,,,,,
"31810",,1,,,,,
"27890",,1,,,,,
"43411",,1,,,,,
"77402",,1,,,,,
"34698",,1,,,,,
"32560",,1,,,,,
"27871",,1,,,,,
"21162",,1,,,,,
"1143",,1,,,,,
"77316",,1,,,,,
"52293",,1,,,,,
"6364",,1,,,,,
"63322",,1,,,,,
"76486",,1,,,,,
"88765",,1,,,,,
"76128",,1,,,,,
"60010",,1,,,,,
"39421",,1,,,,,
"57864",,1,,,,,
"66669",,1,,,,,
"52427",,,1,,,,
"74057",,,1,,,,
"66958",,,1,,,,
"25382",,,1,,,,
"35096",,,1,,,,
"18200",,,1,,,,
"59903",,,1,,,,
"82271",,,1,,,,
"10316",,,1,,,,
"35481",,,1,,,,
"81768",,,1,,,,
"75407",,,1,,,,
"80163",,,1,,,,
"2971",,,1,,,,
"55017",,,1,,,,
"65094",,,1,,,,
"60597",,,1,,,,
"86559",,,1,,,,
"57026",,,1,,,,
"63411",,,1,,,,
"66551",,,1,,,,
"9196",,,1,,,,
"81772",,,1,,,,
"58967",,,1,,,,
"16371",,,1,,,,
"4818",,,1,,,,
"59086",,,1,,,,
"56606",,,1,,,,
"35173",,,1,,,,
"14870",,,1,,,,
"70431",,,1,,,,
"84354",,,1,,,,
"82378",,,1,,,,
"575",,,1,,,,
"49588",,,1,,,,
"55296",,,1,,,,
"12836",,,1,,,,
"14983",,,1,,,,
"68751",,,1,,,,
"52658",,,1,,,,
"6351",,,1,,,,
"71682",,,1,,,,
"59448",,,1,,,,
"60007",,,1,,,,
"24632",,,1,,,,
"84058",,,1,,,,
"87675",,,1,,,,
"66205",,,1,,,,
"54843",,,1,,,,
"41232",,,1,,,,
"18202",,,1,,,,
"35343",,,1,,,,
"11448",,,1,,,,
"35380",,,1,,,,
"40639",,,1,,,,
"31160",,,1,,,,
"5723",,,1,,,,
"24359",,,1,,,,
"71080",,,1,,,,
"74243",,,1,,,,
"48398",,,1,,,,
"62035",,,1,,,,
"47006",,,1,,,,
"88509",,,1,,,,
"68647",,,1,,,,
"3222",,,1,,,,
"43322",,,1,,,,
"82369",,,1,,,,
"14965",,,1,,,,
"65228",,,1,,,,
"51368",,,1,,,,
"66997",,,1,,,,
"52858",,,1,,,,
"74215",,,1,,,,
"76119",,,1,,,,
"76840",,,1,,,,
"46715",,,1,,,,
"51117",,,1,,,,
"87580",,,1,,,,
"68718",,,1,,,,
"4226",,,1,,,,
"13821",,,1,,,,
"39199",,,1,,,,
"4741",,,1,,,,
"39944",,,1,,,,
"59351",,,1,,,,
"29634",,,1,,,,
"70955",,,1,,,,
"16161",,,1,,,,
"67664",,,1,,,,
"52659",,,1,,,,
"54726",,,1,,,,
"71096",,,1,,,,
"74013",,,1,,,,
"79467",,,1,,,,
"6217",,,1,,,,
"1293",,,1,,,,
"68948",,,1,,,,
"55187",,,1,,,,
"40316",,,1,,,,
"78737",,,1,,,,
"6518",,,1,,,,
"79428",,,1,,,,
"69858",,,1,,,,
"61754",,,1,,,,
"58108",,,1,,,,
"55358",,,1,,,,
"69667",,,1,,,,
"67663",,,1,,,,
"71028",,,1,,,,
"71748",,,1,,,,
"67929",,,1,,,,
"6939",,,1,,,,
"63337",,,1,,,,
"11251",,,1,,,,
"75418",,,1,,,,
"7338",,,1,,,,
"88378",,,1,,,,
"63890",,,1,,,,
"13123",,,1,,,,
"58201",,,1,,,,
"38889",,,1,,,,
"55160",,,1,,,,
"72000",,,1,,,,
"31072",,,1,,,,
"11469",,,1,,,,
"57028",,,1,,,,
"53755",,,1,,,,
"7043",,,1,,,,
"79322",,,1,,,,
"54735",,,1,,,,
"70765",,,1,,,,
"55718",,,1,,,,
"52208",,,1,,,,
"83763",,,1,,,,
"63918",,,1,,,,
"64888",,,1,,,,
"531",,,1,,,,
"39786",,,1,,,,
"82387",,,1,,,,
"11348",,,1,,,,
"84202",,,1,,,,
"70251",,,1,,,,
"38459",,,1,,,,
"80833",,,1,,,,
"65065",,,1,,,,
"18910",,,1,,,,
"51897",,,1,,,,
"35329",,,1,,,,
"81247",,,1,,,,
"60076",,,1,,,,
"81603",,,1,,,,
"35189",,,1,,,,
"82478",,,1,,,,
"70754",,,1,,,,
"64359",,,1,,,,
"65479",,,1,,,,
"59802",,,1,,,,
"81601",,,1,,,,
"78358",,,1,,,,
"80995",,,1,,,,
"56970",,,1,,,,
"71910",,,1,,,,
"63385",,,1,,,,
"35317",,,1,,,,
"46687",,,1,,,,
"14738",,,1,,,,
"23456",,,1,,,,
"59750",,,1,,,,
"59340",,,1,,,,
"77196",,,1,,,,
"24268",,,1,,,,
"14283",,,1,,,,
"35304",,,1,,,,
"56975",,,1,,,,
"37573",,,1,,,,
"6285",,,1,,,,
"78671",,,1,,,,
"59393",,,1,,,,
"52189",,,1,,,,
"81238",,,1,,,,
"88296",,,1,,,,
"17545",,,1,,,,
"18903",,,1,,,,
"67902",,,1,,,,
"51647",,,1,,,,
"21423",,,1,,,,
"66261",,,1,,,,
"87679",,,1,,,,
"11526",,,1,,,,
"14943",,,1,,,,
"35196",,,1,,,,
"40668",,,1,,,,
"77408",,,1,,,,
"54404",,,1,,,,
"70325",,,1,,,,
"17686",,,1,,,,
"5013",,,1,,,,
"71215",,,1,,,,
"59029",,,1,,,,
"80841",,,1,,,,
"44778",,,1,,,,
"51186",,,1,,,,
"40711",,,1,,,,
"70805",,,1,,,,
"73813",,,1,,,,
"43915",,,1,,,,
"54057",,,1,,,,
"76209",,,1,,,,
"38395",,,1,,,,
"9745",,,1,,,,
"87593",,,1,,,,
"63717",,,1,,,,
"76121",,,1,,,,
"59271",,,1,,,,
"54326",,,1,,,,
"77443",,,1,,,,
"60780",,,1,,,,
"77641",,,1,,,,
"4540",,,1,,,,
"69802",,,1,,,,
"76797",,,1,,,,
"70455",,,1,,,,
"39984",,,1,,,,
"72215",,,1,,,,
"11864",,,1,,,,
"11252",,,1,,,,
"61781",,,1,,,,
"520",,,1,,,,
"81340",,,1,,,,
"82343",,,1,,,,
"47573",,,1,,,,
"37747",,,1,,,,
"41203",,,1,,,,
"62376",,,1,,,,
"39021",,,1,,,,
"624",,,1,,,,
"79241",,,1,,,,
"82424",,,1,,,,
"12874",,,1,,,,
"88499",,,1,,,,
"20117",,,1,,,,
"41205",,,1,,,,
"35697",,,1,,,,
"82312",,,1,,,,
"71019",,,1,,,,
"73528",,,1,,,,
"66114",,,1,,,,
"74055",,,1,,,,
"80246",,,1,,,,
"77350",,,1,,,,
"82494",,,1,,,,
"764",,,1,,,,
"4155",,,1,,,,
"75409",,,1,,,,
"62337",,,1,,,,
"62140",,,1,,,,
"40571",,,1,,,,
"61495",,,1,,,,
"82423",,,1,,,,
"56204",,,1,,,,
"82413",,,1,,,,
"5117",,,1,,,,
"61053",,,1,,,,
"66829",,,1,,,,
"70922",,,1,,,,
"82375",,,1,,,,
"63222",,,1,,,,
"84133",,,1,,,,
"36939",,,1,,,,
"79723",,,1,,,,
"35174",,,1,,,,
"60506",,,1,,,,
"55821",,,1,,,,
"24484",,,1,,,,
"53220",,,1,,,,
"10323",,,1,,,,
"55446",,,1,,,,
"5988",,,1,,,,
"6437",,,1,,,,
"66624",,,1,,,,
"50185",,,1,,,,
"54049",,,1,,,,
"71618",,,1,,,,
"62911",,,1,,,,
"66598",,,1,,,,
"82330",,,1,,,,
"50971",,,1,,,,
"65274",,,1,,,,
"37650",,,1,,,,
"88228",,,1,,,,
"49492",,,1,,,,
"53833",,,1,,,,
"58274",,,1,,,,
"77128",,,1,,,,
"82785",,,1,,,,
"529",,,1,,,,
"78296",,,1,,,,
"54740",,,1,,,,
"89472",,,1,,,,
"45600",,,1,,,,
"82490",,,1,,,,
"4645",,,1,,,,
"68603",,,1,,,,
"57273",,,1,,,,
"78012",,,1,,,,
"85777",,,1,,,,
"57266",,,1,,,,
"16285",,,1,,,,
"828",,,1,,,,
"76070",,,1,,,,
"62388",,,1,,,,
"4685",,,1,,,,
"74904",,,1,,,,
"72924",,,1,,,,
"68340",,,1,,,,
"52972",,,1,,,,
"16060",,,1,,,,
"52559",,,1,,,,
"62415",,,1,,,,
"61177",,,1,,,,
"54414",,,1,,,,
"47616",,,1,,,,
"80858",,,1,,,,
"83888",,,1,,,,
"38367",,,1,,,,
"1780",,,1,,,,
"86255",,,1,,,,
"87945",,,1,,,,
"46792",,,1,,,,
"61288",,,1,,,,
"82427",,,1,,,,
"80448",,,1,,,,
"73811",,,1,,,,
"82488",,,1,,,,
"58649",,,1,,,,
"59690",,,1,,,,
"58910",,,1,,,,
"52886",,,1,,,,
"46355",,,1,,,,
"76202",,,1,,,,
"17689",,,1,,,,
"51601",,,1,,,,
"85331",,,1,,,,
"88414",,,1,,,,
"27520",,,1,,,,
"56104",,,1,,,,
"6877",,,1,,,,
"58646",,,1,,,,
"53680",,,1,,,,
"80738",,,1,,,,
"47727",,,1,,,,
"70628",,,1,,,,
"48039",,,1,,,,
"47467",,,1,,,,
"81047",,,1,,,,
"57796",,,1,,,,
"74589",,,1,,,,
"61442",,,1,,,,
"72086",,,1,,,,
"58669",,,1,,,,
"57977",,,1,,,,
"6243",,,1,,,,
"51519",,,1,,,,
"66931",,,,1,,,
"66197",,,,1,,,
"66702",,,,1,,,
"4661",,,,,1,,1
"7441",,,,,1,,1
"708",,,,,1,,
"3902",,,,,1,,
"45916",,,,,1,,
"1297",,,,,1,,
"11519",,,,,1,,
"17902",,,,,1,,
"50370",,,,,1,,
"29397",,,,,1,,
"51933",,,,,1,,
"7991",,,,,1,,
"52366",,,,,1,,
"58757",,,,,1,,
"25086",,,,,1,,
"75488",,,,,1,,
"71398",,,,,1,,
"19003",,,,,1,,
"57556",,,,,1,,
"60660",,,,,1,,
"52970",,,,,1,,
"56536",,,,,1,,
"84951",,,,,1,,
"86263",,,,,1,,
"17783",,,,,1,,
"45078",,,,,1,,
"47687",,,,,1,,
"25494",,,,,1,,
"57933",,,,,1,,
"65822",,,,,1,,
"56274",,,,,1,,
"34908",,,,,1,,
"66011",,,,,1,,
"21911",,,,,1,,
"10251",,,,,1,,
"56067",,,,,1,,
"30034",,,,,1,,
"30367",,,,,1,,
"7952",,,,,1,,
"74631",,,,,1,,
"78356",,,,,1,,
"70370",,,,,1,,
"65582",,,,,1,,
"69473",,,,,1,,
"30368",,,,,1,,
"53508",,,,,1,,
"13264",,,,,1,,
"71010",,,,,1,,
"11384",,,,,1,,
"73644",,,,,1,,
"32837",,,,,1,,
"83704",,,,,1,,
"30365",,,,,1,,
"55050",,,,,1,,
"15052",,,,,1,,
"76195",,,,,1,,
"57104",,,,,1,,
"63309",,,,,1,,
"73208",,,,,1,,
"10214",,,,,1,,
"77604",,,,,1,,
"15811",,,,,1,,
"2001",,,,,1,,
"61025",,,,,1,,
"58077",,,,,1,,
"19195",,,,,1,,
"75413",,,,,1,,
"70918",,,,,1,,
"50079",,,,,1,,
"29694",,,,,1,,
"31131",,,,,1,,
"11156",,,,,1,,
"692",,,,,1,,
"14109",,,,,1,,
"49388",,,,,1,,
"35789",,,,,1,,
"25505",,,,,1,,
"60343",,,,,1,,
"8521",,,,,1,,
"4960",,,,,1,,
"74285",,,,,1,,
"31529",,,,,1,,
"83449",,,,,1,,
"6815",,,,,1,,
"51720",,,,,1,,
"23091",,,,,1,,
"83544",,,,,1,,
"53253",,,,,1,,
"47018",,,,,1,,
"787",,,,,1,,
"82563",,,,,1,,
"15053",,,,,1,,
"41074",,,,,1,,
"43514",,,,,1,,
"79128",,,,,1,,
"31219",,,,,1,,
"87476",,,,,1,,
"2389",,,,,1,,
"41592",,,,,1,,
"58225",,,,,1,,
"41706",,,,,1,,
"83484",,,,,1,,
"74154",,,,,1,,
"46990",,,,,1,,
"34296",,,,,1,,
"30592",,,,,1,,
"16531",,,,,1,,
"14144",,,,,1,,
"2142",,,,,1,,
"12946",,,,,1,,
"82481",,,,,1,,
"4161",,,,,1,,
"7961",,,,,1,,
"75593",,,,,1,,
"34347",,,,,1,,
"29529",,,,,1,,
"30035",,,,,1,,
"54120",,,,,1,,
"46674",,,,,1,,
"70543",,,,,1,,
"41660",,,,,1,,
"76321",,,,,1,,
"17950",,,,,1,,
"78341",,,,,1,,
"67913",,,,,1,,
"51652",,,,,1,,
"77610",,,,,1,,
"80319",,,,,,1,
"65083",,,,,,1,
"66855",,,,,,1,
"54203",,,,,,1,
"65057",,,,,,1,
"83089",,,,,,1,
"63031",,,,,,1,
"87852",,,,,,1,
"65344",,,,,,1,
"60430",,,,,,1,
"69370",,,,,,1,
"69540",,,,,,1,
"69654",,,,,,1,
"70463",,,,,,1,
"80784",,,,,,1,
"65066",,,,,,1,
"54182",,,,,,1,
"60211",,,,,,1,
"63929",,,,,,1,
"60379",,,,,,1,
"78946",,,,,,1,
"62760",,,,,,1,
"66854",,,,,,1,
"60073",,,,,,1,
"63516",,,,,,1,
"84232",,,,,,1,
"61756",,,,,,1,
"65059",,,,,,1,
"60012",,,,,,1,
"54265",,,,,,1,
"64217",,,,,,1,
"64743",,,,,,1,
"80087",,,,,,1,
"62172",,,,,,1,
"77762",,,,,,1,
"66008",,,,,,1,
"54480",,,,,,1,
"60386",,,,,,1,
"87570",,,,,,1,
"60643",,,,,,1,
"61365",,,,,,,1
"2788",,,,,,,1
"22658",,,,,,,1
"60465",,,,,,,1
"45305",,,,,,,1
"59911",,,,,,,1
"66017",,,,,,,1
"66195",,,,,,,1
"82828",,,,,,,1
"78265",,,,,,,1
"2961",,,,,,,1
"79677",,,,,,,1
"5249",,,,,,,1
"15874",,,,,,,1
"86315",,,,,,,1
"59412",,,,,,,1
"34622",,,,,,,1
"83145",,,,,,,1
"76157",,,,,,,1
"14761",,,,,,,1
"41405",,,,,,,1
"27926",,,,,,,1
"7606",,,,,,,1
"51983",,,,,,,1
"57610",,,,,,,1
"14837",,,,,,,1
"74677",,,,,,,1
"53967",,,,,,,1
"9680",,,,,,,1
"75855",,,,,,,1
"1369",,,,,,,1
"2495",,,,,,,1
"52887",,,,,,,1
"47647",,,,,,,1
"36190",,,,,,,1
"5218",,,,,,,1
"81555",,,,,,,1
"56375",,,,,,,1
"5868",,,,,,,1
"32002",,,,,,,1
"78728",,,,,,,1
"27447",,,,,,,1
"60258",,,,,,,1
"12354",,,,,,,1
"814",,,,,,,1
"71406",,,,,,,1
"82639",,,,,,,1
"10781",,,,,,,1
"7709",,,,,,,1
"1301",,,,,,,1
"66149",,,,,,,1
"71348",,,,,,,1
"30625",,,,,,,1
"40190",,,,,,,1
"42488",,,,,,,1
"3248",,,,,,,1
"18096",,,,,,,1
"18650",,,,,,,1
"52045",,,,,,,1
"19056",,,,,,,1
"71950",,,,,,,1
"7806",,,,,,,1
"55738",,,,,,,1
"2772",,,,,,,1
"19194",,,,,,,1
"34557",,,,,,,1
"55",,,,,,,1
"27696",,,,,,,1
"74926",,,,,,,1
"41292",,,,,,,1
"26292",,,,,,,1
"193",,,,,,,1
"19300",,,,,,,1
"40738",,,,,,,1
"73152",,,,,,,1
"32918",,,,,,,1
"89261",,,,,,,1
"25717",,,,,,,1
"12226",,,,,,,1
"3793",,,,,,,1
"74814",,,,,,,1
"10066",,,,,,,1
"1776",,,,,,,1
"46525",,,,,,,1
"60291",,,,,,,1
"59939",,,,,,,1
"4182",,,,,,,1
"4705",,,,,,,1
"58224",,,,,,,1
"11268",,,,,,,1
"71377",,,,,,,1
"84705",,,,,,,1
"39807",,,,,,,1
"8102",,,,,,,1
"25965",,,,,,,1
"36767",,,,,,,1
"73480",,,,,,,1
"30773",,,,,,,1
"70650",,,,,,,1
"63237",,,,,,,1
"18716",,,,,,,1
"59884",,,,,,,1
"15341",,,,,,,1
"33527",,,,,,,1
"13435",,,,,,,1
"62024",,,,,,,1
"562",,,,,,,1
"89471",,,,,,,1
"83714",,,,,,,1
"10392",,,,,,,1
"46948",,,,,,,1
"19192",,,,,,,1
"7582",,,,,,,1
"25334",,,,,,,1
"76323",,,,,,,1
"68068",,,,,,,1
"84886",,,,,,,1
"79368",,,,,,,1
"38901",,,,,,,1
"28129",,,,,,,1
"46699",,,,,,,1
"77566",,,,,,,1
"34613",,,,,,,1
"41533",,,,,,,1
"14587",,,,,,,1
"7734",,,,,,,1
"64255",,,,,,,1
"41719",,,,,,,1
"69445",,,,,,,1
"27690",,,,,,,1
"73993",,,,,,,1
"46116",,,,,,,1
"59030",,,,,,,1
"21938",,,,,,,1
"4211",,,,,,,1
"34006",,,,,,,1
"34934",,,,,,,1
"29780",,,,,,,1
"56",,,,,,,1
"35162",,,,,,,1
"57600",,,,,,,1
"10422",,,,,,,1
"65583",,,,,,,1
"21849",,,,,,,1
"16206",,,,,,,1
"40898",,,,,,,1
"59290",,,,,,,1
"55548",,,,,,,1
"7799",,,,,,,1
"30913",,,,,,,1
"6",,,,,,,1
"69338",,,,,,,1
"18332",,,,,,,1
"4873",,,,,,,1
"4258",,,,,,,1
"12294",,,,,,,1
"9431",,,,,,,1
"73171",,,,,,,1
"41828",,,,,,,1
"64745",,,,,,,1
"61475",,,,,,,1
"5220",,,,,,,1
"67910",,,,,,,1
"18497",,,,,,,1
"12367",,,,,,,1
"52900",,,,,,,1
"8052",,,,,,,1
"43508",,,,,,,1
"20538",,,,,,,1
"32277",,,,,,,1
"89516",,,,,,,1
"63555",,,,,,,1
"31773",,,,,,,1
"31548",,,,,,,1
"3287",,,,,,,1
"30875",,,,,,,1
"211",,,,,,,1
"39602",,,,,,,1
"6160",,,,,,,1
"34374",,,,,,,1
"57908",,,,,,,1
"58078",,,,,,,1
"76934",,,,,,,1
"88232",,,,,,,1
"73195",,,,,,,1
"40247",,,,,,,1
"74800",,,,,,,1
"32896",,,,,,,1
"64677",,,,,,,1
"49268",,,,,,,1
"33658",,,,,,,1
"5728",,,,,,,1
"54825",,,,,,,1
"78229",,,,,,,1
"56051",,,,,,,1
"11487",,,,,,,1
"12318",,,,,,,1
"2493",,,,,,,1
"79904",,,,,,,1
"81633",,,,,,,1
"24835",,,,,,,1
"83404",,,,,,,1
"6118",,,,,,,1
"78257",,,,,,,1
"32091",,,,,,,1
"11265",,,,,,,1
"42388",,,,,,,1
"74381",,,,,,,1
"19258",,,,,,,1
"24832",,,,,,,1
"17960",,,,,,,1
"3050",,,,,,,1
"26529",,,,,,,1
"9456",,,,,,,1
"47815",,,,,,,1
"34280",,,,,,,1
"77333",,,,,,,1
"31932",,,,,,,1
"85516",,,,,,,
"53460",,,,,,,
"49738",,,,,,,
"8841",,,,,,,
"57108",,,,,,,
"55723",,,,,,,
"72773",,,,,,,
"40085",,,,,,,
"55971",,,,,,,
"55618",,,,,,,
"65850",,,,,,,
"49062",,,,,,,
"34381",,,,,,,
"89528",,,,,,,
"79694",,,,,,,
"57622",,,,,,,
"68939",,,,,,,
"17683",,,,,,,
"79590",,,,,,,
"56115",,,,,,,
"1805",,,,,,,
"85047",,,,,,,
"47894",,,,,,,
"841",,,,,,,
"56208",,,,,,,
"51080",,,,,,,
"2221",,,,,,,
"5627",,,,,,,
"37055",,,,,,,
"86375",,,,,,,
"7915",,,,,,,
"27396",,,,,,,
"10145",,,,,,,
"379",,,,,,,
"56426",,,,,,,
"61269",,,,,,,
"76572",,,,,,,
"76776",,,,,,,
"56489",,,,,,,
"42",,,,,,,
"24002",,,,,,,
"82528",,,,,,,
"71958",,,,,,,
"84669",,,,,,,
"6060",,,,,,,
"40892",,,,,,,
"18220",,,,,,,
"58394",,,,,,,
"61149",,,,,,,
"86529",,,,,,,
"56656",,,,,,,
"48867",,,,,,,
"79389",,,,,,,
"64503",,,,,,,
"10183",,,,,,,
"11521",,,,,,,
"11326",,,,,,,
"89256",,,,,,,
"49479",,,,,,,
"56879",,,,,,,
"7539",,,,,,,
"38551",,,,,,,
"73808",,,,,,,
"73385",,,,,,,
"83490",,,,,,,
"17377",,,,,,,
"47074",,,,,,,
"56983",,,,,,,
"13837",,,,,,,
"56996",,,,,,,
"63152",,,,,,,
"48021",,,,,,,
"56841",,,,,,,
"5557",,,,,,,
"1781",,,,,,,
"476",,,,,,,
"73305",,,,,,,
"57137",,,,,,,
"74888",,,,,,,
"86724",,,,,,,
"59002",,,,,,,
"63726",,,,,,,
"2607",,,,,,,
"7374",,,,,,,
"14918",,,,,,,
"84392",,,,,,,
"56831",,,,,,,
"40729",,,,,,,
"47207",,,,,,,
"11990",,,,,,,
"76167",,,,,,,
"12992",,,,,,,
"57388",,,,,,,
"58578",,,,,,,
"29786",,,,,,,
"59278",,,,,,,
"82201",,,,,,,
"57564",,,,,,,
"30861",,,,,,,
"20995",,,,,,,
"5678",,,,,,,
"17809",,,,,,,
"88902",,,,,,,
"81987",,,,,,,
"35112",,,,,,,
"67",,,,,,,
"60694",,,,,,,
"7815",,,,,,,
"89332",,,,,,,
"36031",,,,,,,
"57830",,,,,,,
"57834",,,,,,,
"57836",,,,,,,
"3155",,,,,,,
"4760",,,,,,,
"60127",,,,,,,
"6666",,,,,,,
"88492",,,,,,,
"8646",,,,,,,
"80370",,,,,,,
"67266",,,,,,,
"25718",,,,,,,
"35552",,,,,,,
"83186",,,,,,,
"58594",,,,,,,
"64460",,,,,,,
"13331",,,,,,,
"14504",,,,,,,
"74825",,,,,,,
"7127",,,,,,,
"56007",,,,,,,
"34323",,,,,,,
"5850",,,,,,,
"8706",,,,,,,
"52044",,,,,,,
"11977",,,,,,,
"75550",,,,,,,
"58607",,,,,,,
"76728",,,,,,,
"19797",,,,,,,
"35144",,,,,,,
"53711",,,,,,,
"58723",,,,,,,
"22863",,,,,,,
"34697",,,,,,,
"85141",,,,,,,
"34418",,,,,,,
"66286",,,,,,,
"58787",,,,,,,
"77753",,,,,,,
"58834",,,,,,,
"1486",,,,,,,
"5345",,,,,,,
"67231",,,,,,,
"62335",,,,,,,
"8168",,,,,,,
"49506",,,,,,,
"82854",,,,,,,
"59005",,,,,,,
"27125",,,,,,,
"10001",,,,,,,
"34181",,,,,,,
"58995",,,,,,,
"62430",,,,,,,
"16155",,,,,,,
"23993",,,,,,,
"5021",,,,,,,
"24498",,,,,,,
"16160",,,,,,,
"55711",,,,,,,
"54985",,,,,,,
"34415",,,,,,,
"45346",,,,,,,
"59193",,,,,,,
"54946",,,,,,,
"2718",,,,,,,
"86466",,,,,,,
"69442",,,,,,,
"33711",,,,,,,
"5845",,,,,,,
"62309",,,,,,,
"34948",,,,,,,
"59357",,,,,,,
"43434",,,,,,,
"42395",,,,,,,
"59446",,,,,,,
"63481",,,,,,,
"6405",,,,,,,
"10546",,,,,,,
"83887",,,,,,,
"34871",,,,,,,
"22974",,,,,,,
"28588",,,,,,,
"69427",,,,,,,
"14037",,,,,,,
"50166",,,,,,,
"3396",,,,,,,
"54066",,,,,,,
"37434",,,,,,,
"77427",,,,,,,
"6360",,,,,,,
"84717",,,,,,,
"83668",,,,,,,
"1575",,,,,,,
"34294",,,,,,,
"59846",,,,,,,
"59133",,,,,,,
"34086",,,,,,,
"5742",,,,,,,
"57620",,,,,,,
"11408",,,,,,,
"4352",,,,,,,
"82846",,,,,,,
"11627",,,,,,,
"89478",,,,,,,
"24857",,,,,,,
"28101",,,,,,,
"15367",,,,,,,
"68744",,,,,,,
"58742",,,,,,,
"59776",,,,,,,
"84649",,,,,,,
"58051",,,,,,,
"72308",,,,,,,
"14938",,,,,,,
"71369",,,,,,,
"4062",,,,,,,
"32921",,,,,,,
"48501",,,,,,,
"59620",,,,,,,
"48056",,,,,,,
"54992",,,,,,,
"18442",,,,,,,
"72479",,,,,,,
"48134",,,,,,,
"7266",,,,,,,
"68591",,,,,,,
"24846",,,,,,,
"11604",,,,,,,
"70790",,,,,,,
"9302",,,,,,,
"32848",,,,,,,
"33562",,,,,,,
"6057",,,,,,,
"35561",,,,,,,
"29939",,,,,,,
"40381",,,,,,,
"60619",,,,,,,
"60621",,,,,,,
"34485",,,,,,,
"60682",,,,,,,
"13277",,,,,,,
"60967",,,,,,,
"12299",,,,,,,
"14928",,,,,,,
"13550",,,,,,,
"80263",,,,,,,
"73384",,,,,,,
"5250",,,,,,,
"60888",,,,,,,
"77470",,,,,,,
"6091",,,,,,,
"20567",,,,,,,
"57451",,,,,,,
"52812",,,,,,,
"18149",,,,,,,
"72373",,,,,,,
"11815",,,,,,,
"79372",,,,,,,
"59533",,,,,,,
"9565",,,,,,,
"6024",,,,,,,
"35454",,,,,,,
"70490",,,,,,,
"34836",,,,,,,
"381",,,,,,,
"77978",,,,,,,
"86640",,,,,,,
"75943",,,,,,,
"72539",,,,,,,
"254",,,,,,,
"36099",,,,,,,
"76120",,,,,,,
"61360",,,,,,,
"78993",,,,,,,
"22864",,,,,,,
"62137",,,,,,,
"61503",,,,,,,
"61559",,,,,,,
"10207",,,,,,,
"9388",,,,,,,
"2897",,,,,,,
"58961",,,,,,,
"22697",,,,,,,
"78889",,,,,,,
"38774",,,,,,,
"77358",,,,,,,
"23956",,,,,,,
"63707",,,,,,,
"87821",,,,,,,
"62824",,,,,,,
"17926",,,,,,,
"86706",,,,,,,
"67496",,,,,,,
"54933",,,,,,,
"62150",,,,,,,
"62155",,,,,,,
"62180",,,,,,,
"53966",,,,,,,
"61",,,,,,,
"62276",,,,,,,
"84627",,,,,,,
"10051",,,,,,,
"63035",,,,,,,
"22858",,,,,,,
"9301",,,,,,,
"1844",,,,,,,
"57397",,,,,,,
"50564",,,,,,,
"62476",,,,,,,
"81906",,,,,,,
"488",,,,,,,
"30460",,,,,,,
"5789",,,,,,,
"61134",,,,,,,
"80215",,,,,,,
"73460",,,,,,,
"51612",,,,,,,
"62693",,,,,,,
"44866",,,,,,,
"25433",,,,,,,
"17643",,,,,,,
"86879",,,,,,,
"43806",,,,,,,
"52618",,,,,,,
"11343",,,,,,,
"5121",,,,,,,
"41593",,,,,,,
"89482",,,,,,,
"87501",,,,,,,
"54734",,,,,,,
"52953",,,,,,,
"51166",,,,,,,
"9618",,,,,,,
"57387",,,,,,,
"46666",,,,,,,
"58755",,,,,,,
"64702",,,,,,,
"68031",,,,,,,
"30432",,,,,,,
"19183",,,,,,,
"56736",,,,,,,
"83132",,,,,,,
"11056",,,,,,,
"87966",,,,,,,
"63474",,,,,,,
"57999",,,,,,,
"2408",,,,,,,
"49172",,,,,,,
"44480",,,,,,,
"10566",,,,,,,
"5620",,,,,,,
"46925",,,,,,,
"5634",,,,,,,
"17580",,,,,,,
"79705",,,,,,,
"6228",,,,,,,
"60607",,,,,,,
"77385",,,,,,,
"802",,,,,,,
"64678",,,,,,,
"57585",,,,,,,
"86714",,,,,,,
"56735",,,,,,,
"13729",,,,,,,
"50071",,,,,,,
"25211",,,,,,,
"64987",,,,,,,
"77433",,,,,,,
"53772",,,,,,,
"14379",,,,,,,
"5174",,,,,,,
"4198",,,,,,,
"59253",,,,,,,
"34517",,,,,,,
"72120",,,,,,,
"79854",,,,,,,
"25786",,,,,,,
"37216",,,,,,,
"64258",,,,,,,
"77607",,,,,,,
"59385",,,,,,,
"73676",,,,,,,
"66563",,,,,,,
"83010",,,,,,,
"63562",,,,,,,
"16866",,,,,,,
"83236",,,,,,,
"645",,,,,,,
"25",,,,,,,
"82406",,,,,,,
"28606",,,,,,,
"21921",,,,,,,
"75247",,,,,,,
"42499",,,,,,,
"34603",,,,,,,
"1221",,,,,,,
"14362",,,,,,,
"64723",,,,,,,
"82595",,,,,,,
"64785",,,,,,,
"64825",,,,,,,
"36356",,,,,,,
"70807",,,,,,,
"75702",,,,,,,
"64933",,,,,,,
"8376",,,,,,,
"7989",,,,,,,
"62562",,,,,,,
"63823",,,,,,,
"63469",,,,,,,
"31267",,,,,,,
"33676",,,,,,,
"82306",,,,,,,
"63307",,,,,,,
"34942",,,,,,,
"50000",,,,,,,
"27461",,,,,,,
"24622",,,,,,,
"67829",,,,,,,
"7462",,,,,,,
"33675",,,,,,,
"26795",,,,,,,
"80662",,,,,,,
"67160",,,,,,,
"53437",,,,,,,
"15374",,,,,,,
"85713",,,,,,,
"65495",,,,,,,
"11155",,,,,,,
"11086",,,,,,,
"57744",,,,,,,
"60278",,,,,,,
"12976",,,,,,,
"7400",,,,,,,
"73759",,,,,,,
"12259",,,,,,,
"84810",,,,,,,
"65679",,,,,,,
"82342",,,,,,,
"67429",,,,,,,
"12060",,,,,,,
"86117",,,,,,,
"7793",,,,,,,
"31870",,,,,,,
"73303",,,,,,,
"18931",,,,,,,
"65901",,,,,,,
"65923",,,,,,,
"67846",,,,,,,
"65611",,,,,,,
"63421",,,,,,,
"7757",,,,,,,
"35150",,,,,,,
"685",,,,,,,
"12211",,,,,,,
"66505",,,,,,,
"216",,,,,,,
"49061",,,,,,,
"56165",,,,,,,
"27614",,,,,,,
"52856",,,,,,,
"88481",,,,,,,
"6965",,,,,,,
"53791",,,,,,,
"34907",,,,,,,
"53340",,,,,,,
"45219",,,,,,,
"56494",,,,,,,
"56146",,,,,,,
"19029",,,,,,,
"7544",,,,,,,
"9998",,,,,,,
"377",,,,,,,
"73282",,,,,,,
"17824",,,,,,,
"29328",,,,,,,
"69725",,,,,,,
"31211",,,,,,,
"47360",,,,,,,
"34713",,,,,,,
"76512",,,,,,,
"68867",,,,,,,
"5022",,,,,,,
"6120",,,,,,,
"60511",,,,,,,
"17614",,,,,,,
"81991",,,,,,,
"32314",,,,,,,
"34563",,,,,,,
"67157",,,,,,,
"64495",,,,,,,
"72862",,,,,,,
"86710",,,,,,,
"48765",,,,,,,
"40389",,,,,,,
"34499",,,,,,,
"67328",,,,,,,
"55912",,,,,,,
"42803",,,,,,,
"68752",,,,,,,
"78284",,,,,,,
"81754",,,,,,,
"75688",,,,,,,
"22155",,,,,,,
"63118",,,,,,,
"23250",,,,,,,
"4426",,,,,,,
"57243",,,,,,,
"48139",,,,,,,
"67730",,,,,,,
"52449",,,,,,,
"67745",,,,,,,
"745",,,,,,,
"55230",,,,,,,
"53752",,,,,,,
"86790",,,,,,,
"7861",,,,,,,
"33317",,,,,,,
"54117",,,,,,,
"67858",,,,,,,
"72046",,,,,,,
"8734",,,,,,,
"15252",,,,,,,
"67928",,,,,,,
"22094",,,,,,,
"68023",,,,,,,
"19491",,,,,,,
"19724",,,,,,,
"57153",,,,,,,
"68203",,,,,,,
"12638",,,,,,,
"68261",,,,,,,
"6831",,,,,,,
"44304",,,,,,,
"22",,,,,,,
"88019",,,,,,,
"54240",,,,,,,
"60933",,,,,,,
"68342",,,,,,,
"52607",,,,,,,
"37256",,,,,,,
"32210",,,,,,,
"68636",,,,,,,
"3286",,,,,,,
"72048",,,,,,,
"2137",,,,,,,
"54819",,,,,,,
"48966",,,,,,,
"68756",,,,,,,
"53250",,,,,,,
"55023",,,,,,,
"68819",,,,,,,
"1779",,,,,,,
"8839",,,,,,,
"53415",,,,,,,
"5564",,,,,,,
"6724",,,,,,,
"16186",,,,,,,
"26060",,,,,,,
"648",,,,,,,
"33978",,,,,,,
"34328",,,,,,,
"77472",,,,,,,
"51483",,,,,,,
"24025",,,,,,,
"26498",,,,,,,
"40601",,,,,,,
"2321",,,,,,,
"59288",,,,,,,
"69459",,,,,,,
"24309",,,,,,,
"31499",,,,,,,
"69528",,,,,,,
"65496",,,,,,,
"75622",,,,,,,
"62678",,,,,,,
"7075",,,,,,,
"54764",,,,,,,
"70580",,,,,,,
"69583",,,,,,,
"82511",,,,,,,
"2290",,,,,,,
"34087",,,,,,,
"66292",,,,,,,
"15779",,,,,,,
"55603",,,,,,,
"26792",,,,,,,
"27501",,,,,,,
"8186",,,,,,,
"6981",,,,,,,
"48026",,,,,,,
"72989",,,,,,,
"57936",,,,,,,
"83078",,,,,,,
"69941",,,,,,,
"15411",,,,,,,
"70055",,,,,,,
"33603",,,,,,,
"9297",,,,,,,
"70308",,,,,,,
"83841",,,,,,,
"50670",,,,,,,
"79017",,,,,,,
"5621",,,,,,,
"59809",,,,,,,
"76163",,,,,,,
"7048",,,,,,,
"70486",,,,,,,
"10175",,,,,,,
"86784",,,,,,,
"16142",,,,,,,
"53890",,,,,,,
"39119",,,,,,,
"47856",,,,,,,
"70693",,,,,,,
"18590",,,,,,,
"7196",,,,,,,
"21395",,,,,,,
"1219",,,,,,,
"56691",,,,,,,
"11601",,,,,,,
"10184",,,,,,,
"87808",,,,,,,
"61321",,,,,,,
"38986",,,,,,,
"76416",,,,,,,
"9260",,,,,,,
"55452",,,,,,,
"70950",,,,,,,
"16152",,,,,,,
"61335",,,,,,,
"38808",,,,,,,
"24993",,,,,,,
"87734",,,,,,,
"73414",,,,,,,
"21564",,,,,,,
"43408",,,,,,,
"34966",,,,,,,
"71020",,,,,,,
"86376",,,,,,,
"36355",,,,,,,
"73417",,,,,,,
"89410",,,,,,,
"34019",,,,,,,
"30022",,,,,,,
"61258",,,,,,,
"76942",,,,,,,
"727",,,,,,,
"71198",,,,,,,
"75008",,,,,,,
"71247",,,,,,,
"88427",,,,,,,
"71303",,,,,,,
"71351",,,,,,,
"71361",,,,,,,
"2454",,,,,,,
"86940",,,,,,,
"11245",,,,,,,
"59447",,,,,,,
"20754",,,,,,,
"56857",,,,,,,
"26621",,,,,,,
"8185",,,,,,,
"56008",,,,,,,
"56995",,,,,,,
"64307",,,,,,,
"59244",,,,,,,
"73673",,,,,,,
"35260",,,,,,,
"11717",,,,,,,
"85931",,,,,,,
"34918",,,,,,,
"39866",,,,,,,
"15484",,,,,,,
"67402",,,,,,,
"45821",,,,,,,
"7203",,,,,,,
"72032",,,,,,,
"69548",,,,,,,
"72050",,,,,,,
"71676",,,,,,,
"72092",,,,,,,
"72124",,,,,,,
"87294",,,,,,,
"4011",,,,,,,
"53867",,,,,,,
"72213",,,,,,,
"7228",,,,,,,
"70125",,,,,,,
"48533",,,,,,,
"56640",,,,,,,
"52522",,,,,,,
"77650",,,,,,,
"80987",,,,,,,
"5989",,,,,,,
"3770",,,,,,,
"34353",,,,,,,
"7164",,,,,,,
"67329",,,,,,,
"72852",,,,,,,
"82329",,,,,,,
"61155",,,,,,,
"73025",,,,,,,
"87532",,,,,,,
"73150",,,,,,,
"54526",,,,,,,
"10243",,,,,,,
"28238",,,,,,,
"7319",,,,,,,
"12892",,,,,,,
"7325",,,,,,,
"59728",,,,,,,
"9639",,,,,,,
"78125",,,,,,,
"73285",,,,,,,
"22957",,,,,,,
"84456",,,,,,,
"73383",,,,,,,
"26218",,,,,,,
"69470",,,,,,,
"73684",,,,,,,
"14644",,,,,,,
"12840",,,,,,,
"34576",,,,,,,
"69571",,,,,,,
"75971",,,,,,,
"56808",,,,,,,
"32909",,,,,,,
"34456",,,,,,,
"73589",,,,,,,
"34216",,,,,,,
"22161",,,,,,,
"85635",,,,,,,
"64984",,,,,,,
"63603",,,,,,,
"48435",,,,,,,
"80168",,,,,,,
"66963",,,,,,,
"50236",,,,,,,
"31465",,,,,,,
"1214",,,,,,,
"15951",,,,,,,
"4247",,,,,,,
"7393",,,,,,,
"1649",,,,,,,
"30920",,,,,,,
"33668",,,,,,,
"41898",,,,,,,
"71395",,,,,,,
"69715",,,,,,,
"56785",,,,,,,
"5962",,,,,,,
"89475",,,,,,,
"16044",,,,,,,
"76975",,,,,,,
"74096",,,,,,,
"28096",,,,,,,
"59177",,,,,,,
"47090",,,,,,,
"85356",,,,,,,
"74346",,,,,,,
"76919",,,,,,,
"4523",,,,,,,
"34299",,,,,,,
"68589",,,,,,,
"6447",,,,,,,
"57763",,,,,,,
"42474",,,,,,,
"34327",,,,,,,
"69562",,,,,,,
"4248",,,,,,,
"34376",,,,,,,
"9108",,,,,,,
"79517",,,,,,,
"10172",,,,,,,
"7375",,,,,,,
"56437",,,,,,,
"69685",,,,,,,
"74680",,,,,,,
"74734",,,,,,,
"7267",,,,,,,
"62326",,,,,,,
"74785",,,,,,,
"71014",,,,,,,
"25043",,,,,,,
"74824",,,,,,,
"14345",,,,,,,
"73491",,,,,,,
"10242",,,,,,,
"59791",,,,,,,
"84743",,,,,,,
"1593",,,,,,,
"14642",,,,,,,
"74862",,,,,,,
"2924",,,,,,,
"9737",,,,,,,
"434",,,,,,,
"74970",,,,,,,
"59331",,,,,,,
"87872",,,,,,,
"84646",,,,,,,
"81073",,,,,,,
"34386",,,,,,,
"88436",,,,,,,
"34797",,,,,,,
"14313",,,,,,,
"9521",,,,,,,
"84533",,,,,,,
"62680",,,,,,,
"75329",,,,,,,
"7540",,,,,,,
"72001",,,,,,,
"8354",,,,,,,
"3252",,,,,,,
"74993",,,,,,,
"60074",,,,,,,
"46469",,,,,,,
"47065",,,,,,,
"6958",,,,,,,
"62679",,,,,,,
"54266",,,,,,,
"75576",,,,,,,
"75591",,,,,,,
"73910",,,,,,,
"43953",,,,,,,
"52280",,,,,,,
"88860",,,,,,,
"6753",,,,,,,
"2808",,,,,,,
"55739",,,,,,,
"7231",,,,,,,
"70744",,,,,,,
"22823",,,,,,,
"32154",,,,,,,
"75916",,,,,,,
"45245",,,,,,,
"75952",,,,,,,
"72107",,,,,,,
"48518",,,,,,,
"75651",,,,,,,
"88993",,,,,,,
"34312",,,,,,,
"43833",,,,,,,
"80828",,,,,,,
"4075",,,,,,,
"52408",,,,,,,
"70477",,,,,,,
"76164",,,,,,,
"82859",,,,,,,
"792",,,,,,,
"5059",,,,,,,
"81960",,,,,,,
"11617",,,,,,,
"76481",,,,,,,
"56939",,,,,,,
"25636",,,,,,,
"50682",,,,,,,
"52097",,,,,,,
"7665",,,,,,,
"76660",,,,,,,
"20152",,,,,,,
"34020",,,,,,,
"61043",,,,,,,
"86392",,,,,,,
"42218",,,,,,,
"67769",,,,,,,
"46878",,,,,,,
"14930",,,,,,,
"76985",,,,,,,
"418",,,,,,,
"76991",,,,,,,
"31210",,,,,,,
"67888",,,,,,,
"50124",,,,,,,
"88758",,,,,,,
"79426",,,,,,,
"77782",,,,,,,
"64868",,,,,,,
"34031",,,,,,,
"66335",,,,,,,
"3386",,,,,,,
"38093",,,,,,,
"49307",,,,,,,
"4163",,,,,,,
"68667",,,,,,,
"82578",,,,,,,
"59243",,,,,,,
"77538",,,,,,,
"9702",,,,,,,
"34481",,,,,,,
"29567",,,,,,,
"28645",,,,,,,
"86448",,,,,,,
"27523",,,,,,,
"60328",,,,,,,
"39503",,,,,,,
"9834",,,,,,,
"25133",,,,,,,
"77425",,,,,,,
"69726",,,,,,,
"42989",,,,,,,
"7744",,,,,,,
"51233",,,,,,,
"77498",,,,,,,
"420",,,,,,,
"34856",,,,,,,
"6006",,,,,,,
"60949",,,,,,,
"6138",,,,,,,
"3439",,,,,,,
"57057",,,,,,,
"45329",,,,,,,
"48974",,,,,,,
"1217",,,,,,,
"7770",,,,,,,
"77707",,,,,,,
"34476",,,,,,,
"34535",,,,,,,
"83875",,,,,,,
"14191",,,,,,,
"33082",,,,,,,
"7783",,,,,,,
"60160",,,,,,,
"12300",,,,,,,
"63045",,,,,,,
"29759",,,,,,,
"5148",,,,,,,
"60788",,,,,,,
"603",,,,,,,
"89079",,,,,,,
"2880",,,,,,,
"78147",,,,,,,
"4920",,,,,,,
"60938",,,,,,,
"7772",,,,,,,
"30819",,,,,,,
"78258",,,,,,,
"15955",,,,,,,
"21223",,,,,,,
"78278",,,,,,,
"51509",,,,,,,
"56503",,,,,,,
"7769",,,,,,,
"79023",,,,,,,
"52203",,,,,,,
"80702",,,,,,,
"45223",,,,,,,
"29848",,,,,,,
"76777",,,,,,,
"40144",,,,,,,
"78843",,,,,,,
"67736",,,,,,,
"10427",,,,,,,
"22987",,,,,,,
"13882",,,,,,,
"7959",,,,,,,
"34519",,,,,,,
"11961",,,,,,,
"20195",,,,,,,
"4297",,,,,,,
"82985",,,,,,,
"79254",,,,,,,
"8733",,,,,,,
"1594",,,,,,,
"83471",,,,,,,
"15710",,,,,,,
"73718",,,,,,,
"87645",,,,,,,
"79494",,,,,,,
"45775",,,,,,,
"66570",,,,,,,
"20127",,,,,,,
"33612",,,,,,,
"36377",,,,,,,
"28784",,,,,,,
"79700",,,,,,,
"84470",,,,,,,
"79812",,,,,,,
"21583",,,,,,,
"44248",,,,,,,
"47944",,,,,,,
"42790",,,,,,,
"78392",,,,,,,
"2435",,,,,,,
"66771",,,,,,,
"14740",,,,,,,
"35057",,,,,,,
"33662",,,,,,,
"40642",,,,,,,
"63953",,,,,,,
"34309",,,,,,,
"8034",,,,,,,
"2302",,,,,,,
"10206",,,,,,,
"87831",,,,,,,
"80453",,,,,,,
"25238",,,,,,,
"80506",,,,,,,
"36920",,,,,,,
"80621",,,,,,,
"3601",,,,,,,
"75075",,,,,,,
"80676",,,,,,,
"69128",,,,,,,
"78626",,,,,,,
"82527",,,,,,,
"80810",,,,,,,
"36430",,,,,,,
"34233",,,,,,,
"24593",,,,,,,
"66560",,,,,,,
"76880",,,,,,,
"40555",,,,,,,
"80969",,,,,,,
"63071",,,,,,,
"73525",,,,,,,
"27177",,,,,,,
"53288",,,,,,,
"87110",,,,,,,
"66780",,,,,,,
"72324",,,,,,,
"65876",,,,,,,
"36893",,,,,,,
"5421",,,,,,,
"81368",,,,,,,
"62692",,,,,,,
"73642",,,,,,,
"61523",,,,,,,
"45045",,,,,,,
"7318",,,,,,,
"75697",,,,,,,
"34526",,,,,,,
"62819",,,,,,,
"56495",,,,,,,
"45247",,,,,,,
"63048",,,,,,,
"60989",,,,,,,
"66150",,,,,,,
"81783",,,,,,,
"818",,,,,,,
"51",,,,,,,
"50925",,,,,,,
"58041",,,,,,,
"81864",,,,,,,
"85550",,,,,,,
"83476",,,,,,,
"43409",,,,,,,
"67521",,,,,,,
"87891",,,,,,,
"74479",,,,,,,
"57493",,,,,,,
"74389",,,,,,,
"82172",,,,,,,
"52905",,,,,,,
"6226",,,,,,,
"65181",,,,,,,
"15199",,,,,,,
"14517",,,,,,,
"82322",,,,,,,
"63683",,,,,,,
"58882",,,,,,,
"1253",,,,,,,
"66316",,,,,,,
"21382",,,,,,,
"86484",,,,,,,
"57234",,,,,,,
"33964",,,,,,,
"48576",,,,,,,
"21347",,,,,,,
"68934",,,,,,,
"82495",,,,,,,
"59500",,,,,,,
"53676",,,,,,,
"11941",,,,,,,
"68048",,,,,,,
"47721",,,,,,,
"82512",,,,,,,
"82514",,,,,,,
"58579",,,,,,,
"82524",,,,,,,
"5726",,,,,,,
"62098",,,,,,,
"82195",,,,,,,
"81353",,,,,,,
"36194",,,,,,,
"11080",,,,,,,
"50949",,,,,,,
"68896",,,,,,,
"82670",,,,,,,
"47937",,,,,,,
"5142",,,,,,,
"82384",,,,,,,
"84489",,,,,,,
"52755",,,,,,,
"41512",,,,,,,
"82890",,,,,,,
"89429",,,,,,,
"71439",,,,,,,
"53816",,,,,,,
"83020",,,,,,,
"12654",,,,,,,
"68764",,,,,,,
"20840",,,,,,,
"88686",,,,,,,
"34004",,,,,,,
"83212",,,,,,,
"69216",,,,,,,
"7552",,,,,,,
"833",,,,,,,
"11878",,,,,,,
"26403",,,,,,,
"83401",,,,,,,
"85798",,,,,,,
"29282",,,,,,,
"83456",,,,,,,
"83463",,,,,,,
"38236",,,,,,,
"24960",,,,,,,
"66454",,,,,,,
"83493",,,,,,,
"5390",,,,,,,
"19707",,,,,,,
"24485",,,,,,,
"75405",,,,,,,
"74858",,,,,,,
"8366",,,,,,,
"2373",,,,,,,
"393",,,,,,,
"8483",,,,,,,
"34545",,,,,,,
"10031",,,,,,,
"3705",,,,,,,
"77101",,,,,,,
"48045",,,,,,,
"7765",,,,,,,
"57529",,,,,,,
"48070",,,,,,,
"83988",,,,,,,
"55234",,,,,,,
"29054",,,,,,,
"15294",,,,,,,
"36948",,,,,,,
"3690",,,,,,,
"10245",,,,,,,
"56355",,,,,,,
"58754",,,,,,,
"32728",,,,,,,
"16",,,,,,,
"84314",,,,,,,
"50087",,,,,,,
"7328",,,,,,,
"252",,,,,,,
"81428",,,,,,,
"45304",,,,,,,
"56965",,,,,,,
"713",,,,,,,
"62429",,,,,,,
"71012",,,,,,,
"84662",,,,,,,
"3076",,,,,,,
"75778",,,,,,,
"44810",,,,,,,
"35021",,,,,,,
"84885",,,,,,,
"74388",,,,,,,
"84907",,,,,,,
"50555",,,,,,,
"33071",,,,,,,
"63787",,,,,,,
"83684",,,,,,,
"85007",,,,,,,
"54565",,,,,,,
"85308",,,,,,,
"62426",,,,,,,
"85413",,,,,,,
"85419",,,,,,,
"43568",,,,,,,
"36959",,,,,,,
"77012",,,,,,,
"85588",,,,,,,
"65572",,,,,,,
"85694",,,,,,,
"85695",,,,,,,
"65746",,,,,,,
"29756",,,,,,,
"83101",,,,,,,
"50483",,,,,,,
"59600",,,,,,,
"48869",,,,,,,
"28442",,,,,,,
"50821",,,,,,,
"86037",,,,,,,
"86038",,,,,,,
"86083",,,,,,,
"86199",,,,,,,
"67324",,,,,,,
"16959",,,,,,,
"86312",,,,,,,
"86365",,,,,,,
"53804",,,,,,,
"15044",,,,,,,
"52814",,,,,,,
"44311",,,,,,,
"24800",,,,,,,
"86493",,,,,,,
"6554",,,,,,,
"15040",,,,,,,
"31001",,,,,,,
"57348",,,,,,,
"66425",,,,,,,
"53887",,,,,,,
"45224",,,,,,,
"86876",,,,,,,
"75799",,,,,,,
"12686",,,,,,,
"68467",,,,,,,
"58449",,,,,,,
"87341",,,,,,,
"31258",,,,,,,
"87521",,,,,,,
"7486",,,,,,,
"87541",,,,,,,
"87561",,,,,,,
"9578",,,,,,,
"84572",,,,,,,
"19977",,,,,,,
"87635",,,,,,,
"60251",,,,,,,
"73068",,,,,,,
"56481",,,,,,,
"87716",,,,,,,
"44878",,,,,,,
"2459",,,,,,,
"84216",,,,,,,
"18261",,,,,,,
"735",,,,,,,
"58315",,,,,,,
"83847",,,,,,,
"39675",,,,,,,
"18461",,,,,,,
"3861",,,,,,,
"41959",,,,,,,
"21832",,,,,,,
"78293",,,,,,,
"69885",,,,,,,
"66413",,,,,,,
"41204",,,,,,,
"5649",,,,,,,
"17712",,,,,,,
"5009",,,,,,,
"52460",,,,,,,
"63131",,,,,,,
"7554",,,,,,,
"3551",,,,,,,
"8834",,,,,,,
"88627",,,,,,,
"34413",,,,,,,
"93",,,,,,,
"23932",,,,,,,
"54629",,,,,,,
"31699",,,,,,,
"53087",,,,,,,
"43991",,,,,,,
"8895",,,,,,,
"88557",,,,,,,
"67097",,,,,,,
"82473",,,,,,,
"89114",,,,,,,
"89132",,,,,,,
"18195",,,,,,,
"13598",,,,,,,
"13274",,,,,,,
"89255",,,,,,,
"54028",,,,,,,
"58664",,,,,,,
"15232",,,,,,,
"41766",,,,,,,
"54535",,,,,,,
"45831",,,,,,,
"1712",,,,,,,
"89414",,,,,,,
"1842",,,,,,,
"54885",,,,,,,
"18217",,,,,,,
"52211",,,,,,,
"46927",,,,,,,
"84602",,,,,,,
"77306",,,,,,,
"89515",,,,,,,
"78623",,,,,,,
"74161",,,,,,,
"58581",,,,,,,
"54655",,,,,,,
"43489",,,,,,,
"16825",,,,,,,
"76162",,,,,,,
"28978",,,,,,,
"26098",,,,,,,
"38041",,,,,,,
"78145",,,,,,,
"23078",,,,,,,
"9341",,,,,,,
"89403",,,,,,,
"34097",,,,,,,
"52821",,,,,,,
"30918",,,,,,,
"59475",,,,,,,
"2105",,,,,,,
"77357",,,,,,,
"74842",,,,,,,
"42107",,,,,,,
"30209",,,,,,,
"71773",,,,,,,
"383",,,,,,,
"85909",,,,,,,
"63916",,,,,,,
"4896",,,,,,,
"87736",,,,,,,
"75276",,,,,,,
"52232",,,,,,,
"20944",,,,,,,
"56639",,,,,,,
"9716",,,,,,,
"34722",,,,,,,
"61780",,,,,,,
"84780",,,,,,,
"1397",,,,,,,
"48633",,,,,,,
"29438",,,,,,,
"65285",,,,,,,
"86016",,,,,,,
"13628",,,,,,,
"1964",,,,,,,
"58110",,,,,,,
"52168",,,,,,,
"17704",,,,,,,
"730",,,,,,,
"7412",,,,,,,
"45643",,,,,,,
"82561",,,,,,,
"13348",,,,,,,
"67098",,,,,,,
"22060",,,,,,,
"79955",,,,,,,
"41062",,,,,,,
"28666",,,,,,,
"54973",,,,,,,
"42387",,,,,,,
"1847",,,,,,,
"60028",,,,,,,
"56564",,,,,,,
"31658",,,,,,,
"306",,,,,,,
"51622",,,,,,,
"5251",,,,,,,
"50570",,,,,,,
"88641",,,,,,,
"5222",,,,,,,
"4961",,,,,,,
"15447",,,,,,,
"63464",,,,,,,
"66098",,,,,,,
"65563",,,,,,,
"23992",,,,,,,
"1843",,,,,,,
"85420",,,,,,,
"53740",,,,,,,
"62927",,,,,,,
"2662",,,,,,,
"1254",,,,,,,
"49502",,,,,,,
"69947",,,,,,,
"34088",,,,,,,
"7610",,,,,,,
"65587",,,,,,,
"11366",,,,,,,
"12297",,,,,,,
"26967",,,,,,,
"33914",,,,,,,
"60968",,,,,,,
"37427",,,,,,,
"47939",,,,,,,
"1840",,,,,,,
"7551",,,,,,,
"12102",,,,,,,
"12047",,,,,,,
"34742",,,,,,,
"53787",,,,,,,
"69542",,,,,,,
"64180",,,,,,,
"3308",,,,,,,
"82506",,,,,,,
"81839",,,,,,,
"57568",,,,,,,
"11877",,,,,,,
"70751",,,,,,,
"11760",,,,,,,
"11737",,,,,,,
"79383",,,,,,,
"38890",,,,,,,
"32036",,,,,,,
"37617",,,,,,,
"43060",,,,,,,
"9129",,,,,,,
"59793",,,,,,,
"13416",,,,,,,
"64423",,,,,,,
"13009",,,,,,,
"49108",,,,,,,
"25335",,,,,,,
"66136",,,,,,,
"21892",,,,,,,
"11345",,,,,,,
"94",,,,,,,
"85273",,,,,,,
"43465",,,,,,,
"35022",,,,,,,
"11316",,,,,,,
"11271",,,,,,,
"75",,,,,,,
"45316",,,,,,,
"47630",,,,,,,
"11107",,,,,,,
"111",,,,,,,
"67758",,,,,,,
"74588",,,,,,,
"60138",,,,,,,
"77265",,,,,,,
"77623",,,,,,,
"33320",,,,,,,
"89056",,,,,,,
"25422",,,,,,,
"57532",,,,,,,
"7518",,,,,,,
"10547",,,,,,,
"11976",,,,,,,
"4770",,,,,,,
"52354",,,,,,,
"36521",,,,,,,
"43519",,,,,,,
"56097",,,,,,,
"66714",,,,,,,
"88597",,,,,,,
"9105",,,,,,,
"75054",,,,,,,
"77471",,,,,,,
"55910",,,,,,,
"48097",,,,,,,
"71016",,,,,,,
"36513",,,,,,,
"10229",,,,,,,
"53478",,,,,,,
"68266",,,,,,,
"61562",,,,,,,
"33944",,,,,,,
"64900",,,,,,,
"75489",,,,,,,
"46458",,,,,,,
"45858",,,,,,,
"48149",,,,,,,
"10484",,,,,,,
"21932",,,,,,,
"9619",,,,,,,
"27280",,,,,,,
"55316",,,,,,,
"89510",,,,,,,
"34498",,,,,,,
"31930",,,,,,,
"74886",,,,,,,
"48346",,,,,,,
"67562",,,,,,,
"6009",,,,,,,
"43679",,,,,,,
"56883",,,,,,,
"56624",,,,,,,
"7764",,,,,,,
"4271",,,,,,,
"25736",,,,,,,
"45581",,,,,,,
"34796",,,,,,,
"34417",,,,,,,
"34416",,,,,,,
"40885",,,,,,,
"26118",,,,,,,
"77284",,,,,,,
"10244",,,,,,,
"22450",,,,,,,
"62951",,,,,,,
"57329",,,,,,,
"83088",,,,,,,
"32178",,,,,,,
"87749",,,,,,,
"56065",,,,,,,
"82372",,,,,,,
"71029",,,,,,,
"67279",,,,,,,
"4093",,,,,,,
"13474",,,,,,,
"63249",,,,,,,
"5985",,,,,,,
"53774",,,,,,,
"77344",,,,,,,
"12244",,,,,,,
"3181",,,,,,,
"76072",,,,,,,
"86799",,,,,,,
"87875",,,,,,,
"41120",,,,,,,
"51881",,,,,,,
"40340",,,,,,,
"23841",,,,,,,
"71078",,,,,,,
"77291",,,,,,,
"41657",,,,,,,
"33966",,,,,,,
"4706",,,,,,,
"35017",,,,,,,
"3309",,,,,,,
"84014",,,,,,,
"88636",,,,,,,
"5775",,,,,,,
"87115",,,,,,,
"80312",,,,,,,
"48771",,,,,,,
"83929",,,,,,,
"33674",,,,,,,
"33673",,,,,,,
"77881",,,,,,,
"50788",,,,,,,
"41594",,,,,,,
"81854",,,,,,,
"6209",,,,,,,
"33410",,,,,,,
"51650",,,,,,,
"49060",,,,,,,
"87687",,,,,,,
"68214",,,,,,,
"33232",,,,,,,
"65771",,,,,,,
"57489",,,,,,,
"82894",,,,,,,
"5892",,,,,,,
"77805",,,,,,,
"44378",,,,,,,
"22945",,,,,,,
"18593",,,,,,,
"52398",,,,,,,
"66087",,,,,,,
"71005",,,,,,,
"71550",,,,,,,
"8380",,,,,,,
"21424",,,,,,,
"34436",,,,,,,
"82533",,,,,,,
"395",,,,,,,
"37585",,,,,,,
"53251",,,,,,,
"71137",,,,,,,
"63704",,,,,,,
"57296",,,,,,,
"68389",,,,,,,
"56916",,,,,,,
"73726",,,,,,,
"32401",,,,,,,
"322",,,,,,,
"22946",,,,,,,
"6213",,,,,,,
"56893",,,,,,,
"7537",,,,,,,
"32",,,,,,,
"67313",,,,,,,
"31938",,,,,,,
"31937",,,,,,,
"53770",,,,,,,
"73511",,,,,,,
"88510",,,,,,,
"64500",,,,,,,
"18645",,,,,,,
"62148",,,,,,,
"22305",,,,,,,
"82730",,,,,,,
"72695",,,,,,,
"3159",,,,,,,
"64045",,,,,,,
"31567",,,,,,,
"64021",,,,,,,
"34932",,,,,,,
"73745",,,,,,,
"31498",,,,,,,
"19255",,,,,,,
"54976",,,,,,,
"53622",,,,,,,
"1477",,,,,,,
"83130",,,,,,,
"62899",,,,,,,
"2628",,,,,,,
"73254",,,,,,,
"61845",,,,,,,
"52098",,,,,,,
"11483",,,,,,,
"31146",,,,,,,
"1839",,,,,,,
"65193",,,,,,,
"79358",,,,,,,
"20422",,,,,,,
"20889",,,,,,,
"66345",,,,,,,
"84547",,,,,,,
"71428",,,,,,,
"65925",,,,,,,
"42660",,,,,,,
"14887",,,,,,,
"64209",,,,,,,
"39738",,,,,,,
"53178",,,,,,,
"70673",,,,,,,
"30258",,,,,,,
"30203",,,,,,,
"38400",,,,,,,
"15961",,,,,,,
"9707",,,,,,,
"83279",,,,,,,
"29953",,,,,,,
"81574",,,,,,,
"2986",,,,,,,
"72559",,,,,,,
"29837",,,,,,,
"7912",,,,,,,
"71793",,,,,,,
"48165",,,,,,,
"24509",,,,,,,
"84537",,,,,,,
"81111",,,,,,,
"71192",,,,,,,
"29213",,,,,,,
"53325",,,,,,,
"7062",,,,,,,
"17813",,,,,,,
"77268",,,,,,,
"55627",,,,,,,
"2929",,,,,,,
"2928",,,,,,,
"60681",,,,,,,
"1049",,,,,,,
"45851",,,,,,,
"87073",,,,,,,
"29090",,,,,,,
"6470",,,,,,,
"49519",,,,,,,
"34351",,,,,,,
"39598",,,,,,,
"53394",,,,,,,
"69823",,,,,,,
"69852",,,,,,,
"9027",,,,,,,
"22107",,,,,,,
"28708",,,,,,,
"6572",,,,,,,
"58884",,,,,,,
"64622",,,,,,,
"74552",,,,,,,
"184",,,,,,,
"77394",,,,,,,
"13622",,,,,,,
"7520",,,,,,,
"85733",,,,,,,
"72149",,,,,,,
"85194",,,,,,,
"58878",,,,,,,
"83632",,,,,,,
"14330",,,,,,,
"27911",,,,,,,
"9522",,,,,,,
"81205",,,,,,,
"51134",,,,,,,
"27547",,,,,,,
"2754",,,,,,,
"67362",,,,,,,
"64968",,,,,,,
"50691",,,,,,,
"76772",,,,,,,
"2548",,,,,,,
"33167",,,,,,,
"6218",,,,,,,
"86254",,,,,,,
"88477",,,,,,,
"21235",,,,,,,
"1751",,,,,,,
"3391",,,,,,,
"62144",,,,,,,
"48051",,,,,,,
"51890",,,,,,,
"69413",,,,,,,
"62334",,,,,,,
"17336",,,,,,,
"67092",,,,,,,
"87325",,,,,,,
"34158",,,,,,,
"46678",,,,,,,
"8381",,,,,,,
"86732",,,,,,,
"34957",,,,,,,
"23003",,,,,,,
"70910",,,,,,,
"25735",,,,,,,
"56248",,,,,,,
"32053",,,,,,,
"82497",,,,,,,
"66171",,,,,,,
"53710",,,,,,,
"70422",,,,,,,
"20287",,,,,,,
"76456",,,,,,,
"23437",,,,,,,
"1806",,,,,,,
"35078",,,,,,,
"21945",,,,,,,
"65432",,,,,,,
"5227",,,,,,,
"24848",,,,,,,
"34864",,,,,,,
"4790",,,,,,,
"22232",,,,,,,
"57147",,,,,,,
"24795",,,,,,,
"24722",,,,,,,
"58480",,,,,,,
"49799",,,,,,,
"64104",,,,,,,
"33087",,,,,,,
"41558",,,,,,,
"47751",,,,,,,
"28185",,,,,,,
"34598",,,,,,,
"69898",,,,,,,
"35325",,,,,,,
"31467",,,,,,,
"24427",,,,,,,
"63401",,,,,,,
"66447",,,,,,,
"48058",,,,,,,
"40007",,,,,,,
"14619",,,,,,,
"44639",,,,,,,
"73634",,,,,,,
"82475",,,,,,,
"16700",,,,,,,
"80119",,,,,,,
"79457",,,,,,,
"56009",,,,,,,
"31954",,,,,,,
"2955",,,,,,,
"30074",,,,,,,
"430",,,,,,,
"23491",,,,,,,
"18329",,,,,,,
"52257",,,,,,,
"1587",,,,,,,
"55579",,,,,,,
"56292",,,,,,,
"64939",,,,,,,
"21110",,,,,,,
"50272",,,,,,,
"9144",,,,,,,
"51200",,,,,,,
"87904",,,,,,,
"30686",,,,,,,
"6781",,,,,,,
"22983",,,,,,,
"80878",,,,,,,
"43655",,,,,,,
"653",,,,,,,
"75700",,,,,,,
"44473",,,,,,,
"31205",,,,,,,
"22824",,,,,,,
"63140",,,,,,,
"22776",,,,,,,
"15358",,,,,,,
"22138",,,,,,,
"36066",,,,,,,
"49685",,,,,,,
"22328",,,,,,,
"22253",,,,,,,
"12123",,,,,,,
"22145",,,,,,,
"82816",,,,,,,
"2215",,,,,,,
"25959",,,,,,,
"50790",,,,,,,
"1612",,,,,,,
"548",,,,,,,
"4862",,,,,,,
"59650",,,,,,,
"55729",,,,,,,
"81231",,,,,,,
"74507",,,,,,,
"67781",,,,,,,
"34135",,,,,,,
"51676",,,,,,,
"16611",,,,,,,
"67773",,,,,,,
"53594",,,,,,,
"56314",,,,,,,
"86750",,,,,,,
"21380",,,,,,,
"21374",,,,,,,
"30305",,,,,,,
"86890",,,,,,,
"14164",,,,,,,
"34356",,,,,,,
"54493",,,,,,,
"60464",,,,,,,
"81916",,,,,,,
"8424",,,,,,,
"88647",,,,,,,
"79140",,,,,,,
"21020",,,,,,,
"74179",,,,,,,
"39729",,,,,,,
"4715",,,,,,,
"2047",,,,,,,
"77059",,,,,,,
"63286",,,,,,,
"2024",,,,,,,
"33139",,,,,,,
"59508",,,,,,,
"48221",,,,,,,
"8467",,,,,,,
"72164",,,,,,,
"5933",,,,,,,
"62219",,,,,,,
"17180",,,,,,,
"80839",,,,,,,
"18098",,,,,,,
"19813",,,,,,,
"74009",,,,,,,
"63658",,,,,,,
"58418",,,,,,,
"1965",,,,,,,
"71890",,,,,,,
"19513",,,,,,,
"60589",,,,,,,
"19472",,,,,,,
"63336",,,,,,,
"34970",,,,,,,
"51561",,,,,,,
"83832",,,,,,,
"6168",,,,,,,
"89257",,,,,,,
"71781",,,,,,,
"31474",,,,,,,
"66564",,,,,,,
"66529",,,,,,,
"72641",,,,,,,
"78537",,,,,,,
"58801",,,,,,,
"52100",,,,,,,
"54573",,,,,,,
"10572",,,,,,,
"10887",,,,,,,
"34676",,,,,,,
"8104",,,,,,,
"67660",,,,,,,
"16209",,,,,,,
"13516",,,,,,,
"21489",,,,,,,
"13108",,,,,,,
"18446",,,,,,,
"55907",,,,,,,
"51085",,,,,,,
"9748",,,,,,,
"65694",,,,,,,
"9079",,,,,,,
"60609",,,,,,,
"87651",,,,,,,
"18224",,,,,,,
"11946",,,,,,,
"73892",,,,,,,
"22579",,,,,,,
"89141",,,,,,,
"39060",,,,,,,
"70397",,,,,,,
"34277",,,,,,,
"8645",,,,,,,
"18081",,,,,,,
"12455",,,,,,,
"321",,,,,,,
"1800",,,,,,,
"17965",,,,,,,
"34917",,,,,,,
"56376",,,,,,,
"17920",,,,,,,
"54892",,,,,,,
"11695",,,,,,,
"61957",,,,,,,
"33075",,,,,,,
"56352",,,,,,,
"52445",,,,,,,
"40382",,,,,,,
"47992",,,,,,,
"8843",,,,,,,
"17688",,,,,,,
"35218",,,,,,,
"60750",,,,,,,
"7237",,,,,,,
"31466",,,,,,,
"51474",,,,,,,
"23153",,,,,,,
"47588",,,,,,,
"88474",,,,,,,
"9432",,,,,,,
"84784",,,,,,,
"17405",,,,,,,
"17343",,,,,,,
"32899",,,,,,,
"39560",,,,,,,
"52625",,,,,,,
"82529",,,,,,,
"34399",,,,,,,
"74860",,,,,,,
"31953",,,,,,,
"74085",,,,,,,
"16389",,,,,,,
"21067",,,,,,,
"16366",,,,,,,
"68785",,,,,,,
"73668",,,,,,,
"34820",,,,,,,
"2809",,,,,,,
"1212",,,,,,,
"16184",,,,,,,
"24554",,,,,,,
"59004",,,,,,,
"50882",,,,,,,
"60385",,,,,,,
"80678",,,,,,,
"23878",,,,,,,
"34202",,,,,,,
"69440",,,,,,,
"78259",,,,,,,
"59859",,,,,,,
"1595",,,,,,,
"43577",,,,,,,
"38422",,,,,,,
"1592",,,,,,,
"48000",,,,,,,
"51135",,,,,,,
"23",,,,,,,
"1588",,,,,,,
"68745",,,,,,,
"24719",,,,,,,
"74021",,,,,,,
"60951",,,,,,,
"15624",,,,,,,
"14270",,,,,,,
"59272",,,,,,,
"55687",,,,,,,
"58331",,,,,,,
"15397",,,,,,,
"43950",,,,,,,
"81491",,,,,,,
"6061",,,,,,,
"31511",,,,,,,
"9897",,,,,,,
"34466",,,,,,,
"1275",,,,,,,
"12245",,,,,,,
"56502",,,,,,,
"23099",,,,,,,
"68686",,,,,,,
"34822",,,,,,,
"35251",,,,,,,
"21232",,,,,,,
"14925",,,,,,,
"75823",,,,,,,
"9865",,,,,,,
"8920",,,,,,,
"85525",,,,,,,
"7113",,,,,,,
"58868",,,,,,,
"14649",,,,,,,
"67573",,,,,,,
"19336",,,,,,,
"68051",,,,,,,
"54150",,,,,,,
"34366",,,,,,,
"35967",,,,,,,
"79381",,,,,,,
"14944",,,,,,,
"65562",,,,,,,
"55146",,,,,,,
"47935",,,,,,,
"73478",,,,,,,
"14340",,,,,,,
"48587",,,,,,,
"74391",,,,,,,
"25479",,,,,,,
"14301",,,,,,,
"14299",,,,,,,
"4557",,,,,,,
"34746",,,,,,,
"22058",,,,,,,
"70987",,,,,,,
"49451",,,,,,,
"50703",,,,,,,
"8976",,,,,,,
"15364",,,,,,,
"9491",,,,,,,
"18208",,,,,,,
"45286",,,,,,,
"51107",,,,,,,
"59021",,,,,,,
"73962",,,,,,,
"15352",,,,,,,
"69525",,,,,,,
"36146",,,,,,,
"26258",,,,,,,
"64071",,,,,,,
"11346",,,,,,,
"70900",,,,,,,
"44944",,,,,,,
"19271",,,,,,,
"71017",,,,,,,
"54947",,,,,,,
"5873",,,,,,,
"20196",,,,,,,
"12605",,,,,,,
"44251",,,,,,,
"48342",,,,,,,
"14357",,,,,,,
"44405",,,,,,,
"1886",,,,,,,
"68325",,,,,,,
"22806",,,,,,,
"89354",,,,,,,
"34385",,,,,,,
"63679",,,,,,,
"62904",,,,,,,
"6233",,,,,,,
"18030",,,,,,,
"89021",,,,,,,
"71015",,,,,,,
"14589",,,,,,,
"63074",,,,,,,
"43619",,,,,,,
"35701",,,,,,,
"59400",,,,,,,
"89184",,,,,,,
"16211",,,,,,,
"58865",,,,,,,
"48973",,,,,,,
"55207",,,,,,,
"57583",,,,,,,
"3",,,,,,,
"81067",,,,,,,
"37875",,,,,,,
"54462",,,,,,,
"18301",,,,,,,
"80647",,,,,,,
"44861",,,,,,,
"35253",,,,,,,
"50963",,,,,,,
"43270",,,,,,,
"43218",,,,,,,
"1322",,,,,,,
"26582",,,,,,,
"46956",,,,,,,
"34611",,,,,,,
"77434",,,,,,,
"73520",,,,,,,
"6378",,,,,,,
"43065",,,,,,,
"5278",,,,,,,
"42801",,,,,,,
"73994",,,,,,,
"80356",,,,,,,
"57032",,,,,,,
"22618",,,,,,,
"59578",,,,,,,
"13203",,,,,,,
"46632",,,,,,,
"10310",,,,,,,
"56182",,,,,,,
"42061",,,,,,,
"45158",,,,,,,
"4199",,,,,,,
"32992",,,,,,,
"43518",,,,,,,
"41834",,,,,,,
"39639",,,,,,,
"51876",,,,,,,
"27402",,,,,,,
"87614",,,,,,,
"17731",,,,,,,
"56016",,,,,,,
"22496",,,,,,,
"77381",,,,,,,
"88542",,,,,,,
"44650",,,,,,,
"19878",,,,,,,
"19189",,,,,,,
"33720",,,,,,,
"89444",,,,,,,
"41431",,,,,,,
"52824",,,,,,,
"59452",,,,,,,
"41396",,,,,,,
"4129",,,,,,,
"54898",,,,,,,
"6365",,,,,,,
"57601",,,,,,,
"19829",,,,,,,
"602",,,,,,,
"31212",,,,,,,
"33656",,,,,,,
"72040",,,,,,,
"34288",,,,,,,
"70841",,,,,,,
"43709",,,,,,,
"4067",,,,,,,
"58617",,,,,,,
"35468",,,,,,,
"7516",,,,,,,
"58476",,,,,,,
"23945",,,,,,,
"34",,,,,,,
"76988",,,,,,,
"34762",,,,,,,
"19470",,,,,,,
"36774",,,,,,,
"30695",,,,,,,
"23488",,,,,,,
"12818",,,,,,,
"53822",,,,,,,
"9503",,,,,,,
"40165",,,,,,,
"32546",,,,,,,
"40143",,,,,,,
"64067",,,,,,,
"62034",,,,,,,
"58962",,,,,,,
"12964",,,,,,,
"35081",,,,,,,
"39870",,,,,,,
"9662",,,,,,,
"57457",,,,,,,
"5288",,,,,,,
"39755",,,,,,,
"84264",,,,,,,
"10910",,,,,,,
"73252",,,,,,,
"83342",,,,,,,
"60777",,,,,,,
"39576",,,,,,,
"75068",,,,,,,
"48431",,,,,,,
"6855",,,,,,,
"50754",,,,,,,
"39444",,,,,,,
"74302",,,,,,,
"67267",,,,,,,
"82516",,,,,,,
"85064",,,,,,,
"39203",,,,,,,
"39150",,,,,,,
"39149",,,,,,,
"48078",,,,,,,
"74020",,,,,,,
"84958",,,,,,,
"79242",,,,,,,
"34434",,,,,,,
"31221",,,,,,,
"46989",,,,,,,
"40693",,,,,,,
"74067",,,,,,,
"76946",,,,,,,
"77777",,,,,,,
"80481",,,,,,,
"58655",,,,,,,
"88756",,,,,,,
"82124",,,,,,,
"38355",,,,,,,
"4928",,,,,,,
"7417",,,,,,,
"1645",,,,,,,
"75391",,,,,,,
"16682",,,,,,,
"513",,,,,,,
"40245",,,,,,,
"657",,,,,,,
"60497",,,,,,,
"6730",,,,,,,
"37874",,,,,,,
"57659",,,,,,,
"20672",,,,,,,
"68156",,,,,,,
"80365",,,,,,,
"9287",,,,,,,
"11951",,,,,,,
"9315",,,,,,,
"24845",,,,,,,
"490",,,,,,,
"37541",,,,,,,
"48811",,,,,,,
"29677",,,,,,,
"5501",,,,,,,
"9153",,,,,,,
"7347",,,,,,,
"1137",,,,,,,
"89423",,,,,,,
"84538",,,,,,,
"84213",,,,,,,
"50",,,,,,,
"36856",,,,,,,
"30316",,,,,,,
"33101",,,,,,,
"52962",,,,,,,
"40726",,,,,,,
"51527",,,,,,,
"26056",,,,,,,
"76533",,,,,,,
"61925",,,,,,,
"42990",,,,,,,
"74387",,,,,,,
"68563",,,,,,,
"1902",,,,,,,
"74035",,,,,,,
"89527",,,,,,,
"43670",,,,,,,
"23636",,,,,,,
"58112",,,,,,,
"35551",,,,,,,
"52459",,,,,,,
"3550",,,,,,,
"8082",,,,,,,
"84931",,,,,,,
"9363",,,,,,,
"14290",,,,,,,
"13096",,,,,,,
"57219",,,,,,,
"55728",,,,,,,
"31077",,,,,,,
"10264",,,,,,,
"7166",,,,,,,
"26016",,,,,,,
"79512",,,,,,,
"50926",,,,,,,
"33080",,,,,,,
"67230",,,,,,,
"81427",,,,,,,
"40110",,,,,,,
"31783",,,,,,,
"7402",,,,,,,
"46716",,,,,,,
"9920",,,,,,,
"34955",,,,,,,
"5966",,,,,,,
"69669",,,,,,,
"14219",,,,,,,
"7944",,,,,,,
"88332",,,,,,,
"83487",,,,,,,
"34507",,,,,,,
"33779",,,,,,,
"34504",,,,,,,
"49165",,,,,,,
"34891",,,,,,,
"15147",,,,,,,
"34879",,,,,,,
"66546",,,,,,,
"5769",,,,,,,
"88306",,,,,,,
"82855",,,,,,,
"1273",,,,,,,
"34560",,,,,,,
"85749",,,,,,,
"484",,,,,,,
"34814",,,,,,,
"60568",,,,,,,
"55413",,,,,,,
"82346",,,,,,,
"4554",,,,,,,
"60839",,,,,,,
"43407",,,,,,,
"69658",,,,,,,
"34706",,,,,,,
"11609",,,,,,,
"11610",,,,,,,
"28183",,,,,,,
"16129",,,,,,,
"36648",,,,,,,
"54435",,,,,,,
"65638",,,,,,,
"11055",,,,,,,
"49220",,,,,,,
"71663",,,,,,,
"3411",,,,,,,
"21770",,,,,,,
"4907",,,,,,,
"80821",,,,,,,
"6262",,,,,,,
"60534",,,,,,,
"76594",,,,,,,
"8466",,,,,,,
"58817",,,,,,,
"9044",,,,,,,
"48829",,,,,,,
"34666",,,,,,,
"7300",,,,,,,
"8838",,,,,,,
"49751",,,,,,,
"10067",,,,,,,
"34095",,,,,,,
"34017",,,,,,,
"45",,,,,,,
"21554",,,,,,,
"56642",,,,,,,
"67428",,,,,,,
"70432",,,,,,,
"51359",,,,,,,
"48220",,,,,,,
"2219",,,,,,,
"55462",,,,,,,
"16213",,,,,,,
"9699",,,,,,,
"30202",,,,,,,
"39086",,,,,,,
"5891",,,,,,,
"77245",,,,,,,
"13041",,,,,,,
"8939",,,,,,,
"10208",,,,,,,
"64354",,,,,,,
"53908",,,,,,,
"33293",,,,,,,
"35149",,,,,,,
"28723",,,,,,,
"47988",,,,,,,
"89436",,,,,,,
"75826",,,,,,,
"62310",,,,,,,
"47925",,,,,,,
"27969",,,,,,,
"10560",,,,,,,
"55459",,,,,,,
"87335",,,,,,,
"84279",,,,,,,
"35143",,,,,,,
"47774",,,,,,,
"4774",,,,,,,
"21590",,,,,,,
"36853",,,,,,,
"27467",,,,,,,
"72052",,,,,,,
"60962",,,,,,,
"67754",,,,,,,
"81756",,,,,,,
"80820",,,,,,,
"47566",,,,,,,
"58798",,,,,,,
"47353",,,,,,,
"47813",,,,,,,
"66861",,,,,,,
"40191",,,,,,,
"41528",,,,,,,
"82951",,,,,,,
"2220",,,,,,,
"55488",,,,,,,
"74071",,,,,,,
"7771",,,,,,,
"54442",,,,,,,
"55521",,,,,,,
"68827",,,,,,,
"74392",,,,,,,
"4686",,,,,,,
"31956",,,,,,,
"46926",,,,,,,
"469",,,,,,,
"16602",,,,,,,
"71852",,,,,,,
"85163",,,,,,,
"85945",,,,,,,
"2511",,,,,,,
"36543",,,,,,,
"27435",,,,,,,
"86727",,,,,,,
"14933",,,,,,,
"79506",,,,,,,
"50633",,,,,,,
"10258",,,,,,,
"47948",,,,,,,
"62605",,,,,,,
"41559",,,,,,,
"15895",,,,,,,
"85763",,,,,,,
"55746",,,,,,,
"71821",,,,,,,
"69093",,,,,,,
"42954",,,,,,,
"51743",,,,,,,
"62661",,,,,,,
"87607",,,,,,,
"83378",,,,,,,
"5015",,,,,,,
"77794",,,,,,,
"76922",,,,,,,
"26784",,,,,,,
"479",,,,,,,
"51715",,,,,,,
"28707",,,,,,,
"20650",,,,,,,
"49831",,,,,,,
"65247",,,,,,,
"6696",,,,,,,
"71430",,,,,,,
"49609",,,,,,,
"21459",,,,,,,
"49558",,,,,,,
"88777",,,,,,,
"19674",,,,,,,
"39006",,,,,,,
"36746",,,,,,,
"10691",,,,,,,
"5953",,,,,,,
"71196",,,,,,,
"82085",,,,,,,
"46665",,,,,,,
"12035",,,,,,,
"71804",,,,,,,
"63785",,,,,,,
"9316",,,,,,,
"75177",,,,,,,
"63441",,,,,,,
"46001",,,,,,,
"87497",,,,,,,
"1591",,,,,,,
"45915",,,,,,,
"78285",,,,,,,
"65421",,,,,,,
"45840",,,,,,,
"62979",,,,,,,
"63046",,,,,,,
"71340",,,,,,,
"5967",,,,,,,
"20810",,,,,,,
"34316",,,,,,,
"34587",,,,,,,
"34586",,,,,,,
"54606",,,,,,,
"88587",,,,,,,
"75645",,,,,,,
"51496",,,,,,,
"60286",,,,,,,
"13969",,,,,,,
"10305",,,,,,,
"20206",,,,,,,
"22636",,,,,,,
"28810",,,,,,,
"70549",,,,,,,
"84037",,,,,,,
"26424",,,,,,,
"11321",,,,,,,
"11936",,,,,,,
"52748",,,,,,,
"85005",,,,,,,
"37902",,,,,,,
"815",,,,,,,
"55270",,,,,,,
"55537",,,,,,,
"72163",,,,,,,
"20671",,,,,,,
"40425",,,,,,,
"85478",,,,,,,
"1215",,,,,,,
"13819",,,,,,,
"1589",,,,,,,
"58635",,,,,,,
"45639",,,,,,,
"89460",,,,,,,
"48018",,,,,,,
"19877",,,,,,,
"62265",,,,,,,
"55034",,,,,,,
"55033",,,,,,,
"55032",,,,,,,
"68795",,,,,,,
"1324",,,,,,,
"83443",,,,,,,
"88716",,,,,,,
"55517",,,,,,,
"7349",,,,,,,
"34849",,,,,,,
"30236",,,,,,,
"1643",,,,,,,
"79163",,,,,,,
"54997",,,,,,,
"54891",,,,,,,
"53745",,,,,,,
"68415",,,,,,,
"45235",,,,,,,
"54827",,,,,,,
"54826",,,,,,,
"71118",,,,,,,
"17059",,,,,,,
"84656",,,,,,,
"39420",,,,,,,
"79127",,,,,,,
"10915",,,,,,,
"67431",,,,,,,
"28",,,,,,,
"88720",,,,,,,
"54607",,,,,,,
"58745",,,,,,,
"83464",,,,,,,
"25006",,,,,,,
"39652",,,,,,,
"64810",,,,,,,
"44250",,,,,,,
"86725",,,,,,,
"76223",,,,,,,
"52722",,,,,,,
"14506",,,,,,,
"54430",,,,,,,
"34419",,,,,,,
"11337",,,,,,,
"54353",,,,,,,
"54284",,,,,,,
"56607",,,,,,,
"61665",,,,,,,
"74753",,,,,,,
"63737",,,,,,,
"54081",,,,,,,
"58519",,,,,,,
"89400",,,,,,,
"57117",,,,,,,
"17456",,,,,,,
"33274",,,,,,,
"10133",,,,,,,
"785",,,,,,,
"66744",,,,,,,
"69221",,,,,,,
"36",,,,,,,
"14963",,,,,,,
"53813",,,,,,,
"59311",,,,,,,
"34758",,,,,,,
"89326",,,,,,,
"85714",,,,,,,
"55862",,,,,,,
"62132",,,,,,,
"3089",,,,,,,
"45215",,,,,,,
"74518",,,,,,,
"82349",,,,,,,
"8118",,,,,,,
"46977",,,,,,,
"8322",,,,,,,
"74051",,,,,,,
"75134",,,,,,,
"14339",,,,,,,
"20844",,,,,,,
"84924",,,,,,,
"3726",,,,,,,
"82884",,,,,,,
"67414",,,,,,,
"67883",,,,,,,
"53148",,,,,,,
"53118",,,,,,,
"42161",,,,,,,
"87944",,,,,,,
"40233",,,,,,,
"4679",,,,,,,
"34023",,,,,,,
"25812",,,,,,,
"60693",,,,,,,
"87397",,,,,,,
"79784",,,,,,,
"24828",,,,,,,
"34691",,,,,,,
"74210",,,,,,,
"85369",,,,,,,
"12676",,,,,,,
"7350",,,,,,,
"7763",,,,,,,
"527",,,,,,,
"83625",,,,,,,
"52676",,,,,,,
"84807",,,,,,,
"71386",,,,,,,
"3318",,,,,,,
"52634",,,,,,,
"17076",,,,,,,
"56289",,,,,,,
"31894",,,,,,,
"71487",,,,,,,
"5255",,,,,,,
"10545",,,,,,,
"5285",,,,,,,
"63107",,,,,,,
"55444",,,,,,,
"35462",,,,,,,
"19577",,,,,,,
"54886",,,,,,,
"67227",,,,,,,
"52442",,,,,,,
"77559",,,,,,,
"52397",,,,,,,
"10259",,,,,,,
"52319",,,,,,,
"13036",,,,,,,
"86570",,,,,,,
"52221",,,,,,,
"39988",,,,,,,
"62950",,,,,,,
"55727",,,,,,,
"89061",,,,,,,
"5216",,,,,,,
"5214",,,,,,,
"23495",,,,,,,
"10277",,,,,,,
"14646",,,,,,,
"84661",,,,,,,
"4784",,,,,,,
"51955",,,,,,,
"14505",,,,,,,
"23231",,,,,,,
"80766",,,,,,,
"9930",,,,,,,
"85140",,,,,,,
"43684",,,,,,,
"49587",,,,,,,
"18592",,,,,,,
"71848",,,,,,,
"54451",,,,,,,
"2455",,,,,,,
"33356",,,,,,,
"74786",,,,,,,
"5164",,,,,,,
"3204",,,,,,,
"38044",,,,,,,
"74845",,,,,,,
"44528",,,,,,,
"67259",,,,,,,
"54027",,,,,,,
"51484",,,,,,,
"34969",,,,,,,
"8203",,,,,,,
"9939",,,,,,,
"25678",,,,,,,
"5267",,,,,,,
"72187",,,,,,,
"5120",,,,,,,
"2456",,,,,,,
"81602",,,,,,,
"83981",,,,,,,
"21422",,,,,,,
"6991",,,,,,,
"60495",,,,,,,
"50970",,,,,,,
"24866",,,,,,,
"31858",,,,,,,
"59358",,,,,,,
"48401",,,,,,,
"23593",,,,,,,
"2812",,,,,,,
"49052",,,,,,,
"27151",,,,,,,
"9376",,,,,,,
"41569",,,,,,,
"26099",,,,,,,
"83608",,,,,,,
"84747",,,,,,,
"10225",,,,,,,
"74996",,,,,,,
"83262",,,,,,,
"1223",,,,,,,
"15517",,,,,,,
"80552",,,,,,,
"80127",,,,,,,
"34502",,,,,,,
"48120",,,,,,,
"19938",,,,,,,
"34024",,,,,,,
"6007",,,,,,,
"68258",,,,,,,
"50798",,,,,,,
